{
    "buses": [
        {
            "N_nodes": 4,
            "U_kV": 0.4,
            "bus": "B1",
            "deg_an": -0.011377564692613206,
            "deg_bn": -119.9894740822709,
            "deg_cn": 120.00085164708784,
            "deg_ng": 116.14848744735598,
            "p_a": 27165.676582110977,
            "p_b": 27183.745993397726,
            "p_c": 37328.39456168916,
            "pos_x": 0,
            "pos_y": 0,
            "q_a": 38.84577415154174,
            "q_b": -6.269429989199125,
            "q_c": 83.35777648926887,
            "units": "m",
            "v_ab": 400.1037365484106,
            "v_an": 231.0225269008843,
            "v_bc": 400.1037365484106,
            "v_bn": 231.02847209208815,
            "v_ca": 400.1037365484107,
            "v_cn": 230.94900948604194,
            "v_ng": 0.05110596328173807
        },
        {
            "N_nodes": 4,
            "U_kV": 0.4,
            "bus": "B2",
            "deg_an": -0.08703584825121308,
            "deg_bn": -119.9897350078829,
            "deg_cn": 119.91934505883148,
            "deg_ng": 136.38558172341885,
            "p_a": -30000.000000380038,
            "p_b": -30000.000000213677,
            "p_c": -29999.999999125506,
            "pos_x": 20,
            "pos_y": 0,
            "q_a": 2.5480197507476987e-07,
            "q_b": -4.6439527068287134e-07,
            "q_c": 3.456352715147659e-07,
            "units": "m",
            "v_ab": 399.4236579928996,
            "v_an": 230.77836099757135,
            "v_bc": 399.33019874133754,
            "v_bn": 230.66272746404718,
            "v_ca": 399.260492910437,
            "v_cn": 230.23301722875738,
            "v_ng": 0.2363925653008113
        },
        {
            "N_nodes": 4,
            "U_kV": 0.4,
            "bus": "B3",
            "deg_an": -0.20667310313571677,
            "deg_bn": -119.73334407778341,
            "deg_cn": 119.76905048452386,
            "deg_ng": 140.70359604845325,
            "p_a": -10000.00000050087,
            "p_b": -10000.000000137494,
            "p_c": -79999.9999911452,
            "pos_x": 120,
            "pos_y": 0,
            "q_a": 3.5969150502523917e-07,
            "q_b": -6.140135155874304e-07,
            "q_c": 3.893503162544221e-06,
            "units": "m",
            "v_ab": 399.78267497412605,
            "v_an": 231.72908711190172,
            "v_bc": 399.22945513320917,
            "v_bn": 231.00746543396346,
            "v_ca": 398.8121226586328,
            "v_cn": 228.83279029031766,
            "v_ng": 1.1802950589569188
        },
        {
            "N_nodes": 4,
            "U_kV": 0.4,
            "bus": "B4",
            "deg_an": -0.05452121883823872,
            "deg_bn": -119.94496290760196,
            "deg_cn": 119.99948412455407,
            "deg_ng": 120.4665017723904,
            "p_a": 12841.453911599632,
            "p_b": 12870.082582643892,
            "p_c": 73439.06636389157,
            "pos_x": 140,
            "pos_y": 0,
            "q_a": 25.13873374808302,
            "q_b": -28.318589877237173,
            "q_c": 284.09363773201403,
            "units": "m",
            "v_ab": 400.1037365484106,
            "v_an": 231.1294842667277,
            "v_bc": 400.1037365484106,
            "v_bn": 231.12588780985067,
            "v_ca": 400.1037365484107,
            "v_cn": 230.74483920720402,
            "v_ng": 0.25516925994652734
        }
    ],
    "grid_formers": [
        {
            "bus": "B1",
            "bus_nodes": [
                1,
                2,
                3
            ],
            "deg": [
                0,
                -120,
                -240
            ],
            "kV": [
                0.231,
                0.231,
                0.231
            ]
        },
        {
            "bus": "B4",
            "bus_nodes": [
                1,
                2,
                3
            ],
            "deg": [
                0,
                -120,
                -240
            ],
            "kV": [
                0.231,
                0.231,
                0.231
            ]
        }
    ],
    "line_codes": {
        "lv_cu_150": {
            "Rn": 0.167,
            "Rph": 0.167,
            "Xn": 0.08,
            "Xph": 0.08
        }
    },
    "lines": [
        {
            "bus_j": "B1",
            "bus_j_nodes": [
                1,
                2,
                3,
                4
            ],
            "bus_k": "B2",
            "bus_k_nodes": [
                1,
                2,
                3,
                4
            ],
            "code": "lv_cu_150",
            "deg_j_a": -0.09330806206325414,
            "deg_j_b": -119.97625986698196,
            "deg_j_c": 119.87290505577045,
            "deg_j_n": -63.85151255264402,
            "deg_k_a": -0.09330806206325414,
            "deg_k_b": -119.97625986698196,
            "deg_k_c": 119.87290505577045,
            "deg_k_n": -63.85151255264402,
            "i_j_a_m": 117.5889845913716,
            "i_j_b_m": 117.66405443535562,
            "i_j_c_m": 161.63086266305402,
            "i_j_n_m": 51.105963281738084,
            "i_k_a_m": 117.5889845913716,
            "i_k_b_m": 117.66405443535562,
            "i_k_c_m": 161.63086266305402,
            "i_k_n_m": 51.105963281738084,
            "m": 20.0,
            "type": "z"
        },
        {
            "bus_j": "B2",
            "bus_j_nodes": [
                1,
                2,
                3,
                4
            ],
            "bus_k": "B3",
            "bus_k_nodes": [
                1,
                2,
                3,
                4
            ],
            "code": "lv_cu_150",
            "deg_j_a": 179.97241527243165,
            "deg_j_b": 59.88235755552008,
            "deg_j_c": 119.67974840729312,
            "deg_j_n": -63.81328588255813,
            "deg_k_a": 179.97241527243165,
            "deg_k_b": 59.88235755552008,
            "deg_k_c": 119.67974840729312,
            "deg_k_n": -63.81328588255813,
            "i_j_a_m": 12.405879634777952,
            "i_j_b_m": 12.396004272381859,
            "i_j_c_m": 31.328313017403733,
            "i_j_n_m": 51.01940968068667,
            "i_k_a_m": 12.405879634777952,
            "i_k_b_m": 12.396004272381859,
            "i_k_c_m": 31.328313017403733,
            "i_k_n_m": 51.01940968068667,
            "m": 100.0,
            "type": "z"
        },
        {
            "bus_j": "B3",
            "bus_j_nodes": [
                1,
                2,
                3,
                4
            ],
            "bus_k": "B4",
            "bus_k_nodes": [
                1,
                2,
                3,
                4
            ],
            "code": "lv_cu_150",
            "deg_j_a": 179.83331535200102,
            "deg_j_b": 60.181107228526734,
            "deg_j_c": -60.22215928732148,
            "deg_j_n": 120.46650177239042,
            "deg_k_a": 179.83331535200102,
            "deg_k_b": 60.181107228526734,
            "deg_k_c": -60.22215928732148,
            "deg_k_n": 120.46650177239042,
            "i_j_a_m": 55.55967278863688,
            "i_j_b_m": 55.68443180407257,
            "i_j_c_m": 318.27197571071616,
            "i_j_n_m": 255.1692599465274,
            "i_k_a_m": 55.55967278863688,
            "i_k_b_m": 55.68443180407257,
            "i_k_c_m": 318.27197571071616,
            "i_k_n_m": 255.1692599465274,
            "m": 20.0,
            "type": "z"
        }
    ],
    "loads": [
        {
            "bus": "B2",
            "bus_nodes": [
                1,
                2,
                3,
                4
            ],
            "kVA": [
                30.0,
                30.0,
                30.0
            ],
            "pf": [
                1,
                1,
                1
            ],