{
    "buses": [
        {
            "N_nodes": 4,
            "U_kV": 0.4,
            "bus": "B1",
            "deg_an": -0.009737635261071489,
            "deg_bn": -119.99098572323227,
            "deg_cn": 120.00072335857075,
            "deg_ng": 116.17858887845024,
            "p_a": 27168.857702093293,
            "p_b": 27184.354850122858,
            "p_c": 35869.18595282698,
            "pos_x": 0,
            "pos_y": 0,
            "q_a": 36.35352020585774,
            "q_b": -2.2694790546011063,
            "q_c": 69.91605974259983,
            "units": "m",
            "v_ab": 400.1037365484106,
            "v_an": 231.01930471316936,
            "v_bc": 400.1037365484106,
            "v_bn": 231.02435458655097,
            "v_ca": 400.1037365484107,
            "v_cn": 230.95634691429873,
            "v_ng": 0.04375037727759318
        },
        {
            "N_nodes": 4,
            "U_kV": 0.4,
            "bus": "B2",
            "deg_an": -0.08121643216083166,
            "deg_bn": -119.99792752494619,
            "deg_cn": 119.92419573081152,
            "deg_ng": 136.4156831545131,
            "p_a": -30000.00000020362,
            "p_b": -30000.000000120897,
            "p_c": -29999.999999531643,
            "pos_x": 20,
            "pos_y": 0,
            "q_a": 1.3036014934186824e-07,
            "q_b": -2.4661130737513304e-07,
            "q_c": 1.862445060396567e-07,
            "units": "m",
            "v_ab": 399.4235247582301,
            "v_an": 230.75373803364621,
            "v_bc": 399.34357339905836,
            "v_bn": 230.65456339910543,
            "v_ca": 399.28383784435925,
            "v_cn": 230.28687444666758,
            "v_ng": 0.2023690241491686
        },
        {
            "N_nodes": 4,
            "U_kV": 0.4,
            "bus": "B3",
            "deg_an": -0.1800967975089063,
            "deg_bn": -119.77485304879903,
            "deg_cn": 119.79910834977339,
            "deg_ng": 140.73373338902573,
            "p_a": -10000.000000250586,
            "p_b": -10000.000000070919,
            "p_c": -69999.99999612826,
            "pos_x": 120,
            "pos_y": 0,
            "q_a": 1.7661484363884483e-07,
            "q_b": -3.0551382224075496e-07,
            "q_c": 1.7091988411266357e-06,
            "units": "m",
            "v_ab": 399.78248298903026,
            "v_an": 231.5975500183966,
            "v_bc": 399.3091457239888,
            "v_bn": 230.9787151274983,
            "v_ca": 398.9515821966775,
            "v_cn": 229.11810855627462,
            "v_ng": 1.0104192032456134
        },
        {
            "N_nodes": 4,
            "U_kV": 0.4,
            "bus": "B4",
            "deg_an": -0.046663459977117294,
            "deg_bn": -119.95286645917174,
            "deg_cn": 119.9995299178891,
            "deg_ng": 120.49663911296287,
            "p_a": 12845.743307812701,
            "p_b": 12870.303792736777,
            "p_c": 64730.16250652216,
            "pos_x": 140,
            "pos_y": 0,
            "q_a": 22.50817751479147,
            "q_b": -23.268386492190075,
            "q_c": 217.05141939762325,
            "units": "m",
            "v_ab": 400.1037365484106,
            "v_an": 231.1109341220793,
            "v_bc": 400.1037365484106,
            "v_bn": 231.10765613377632,
            "v_ca": 400.1037365484107,
            "v_cn": 230.7815645982406,
            "v_ng": 0.2184436157479109
        }
    ],
    "grid_formers": [
        {
            "bus": "B1",
            "bus_nodes": [
                1,
                2,
                3
            ],
            "deg": [
                0,
                -120,
                -240
            ],
            "kV": [
                0.231,
                0.231,
                0.231
            ]
        },
        {
            "bus": "B4",
            "bus_nodes": [
                1,
                2,
                3
            ],
            "deg": [
                0,
                -120,
                -240
            ],
            "kV": [
                0.231,
                0.231,
                0.231
            ]
        }
    ],
    "line_codes": {
        "lv_cu_150": {
            "Rn": 0.167,
            "Rph": 0.167,
            "Xn": 0.08,
            "Xph": 0.08
        }
    },
    "lines": [
        {
            "bus_j": "B1",
            "bus_j_nodes": [
                1,
                2,
                3,
                4
            ],
            "bus_k": "B2",
            "bus_k_nodes": [
                1,
                2,
                3,
                4
            ],
            "code": "lv_cu_150",
            "deg_j_a": -0.08640269265886766,
            "deg_j_b": -119.9862023994459,
            "deg_j_c": 119.88904281819187,
            "deg_j_n": -63.821411121549765,
            "deg_k_a": -0.08640269265886766,
            "deg_k_b": -119.9862023994459,
            "deg_k_c": 119.88904281819187,
            "deg_k_n": -63.821411121549765,
            "i_j_a_m": 117.60437967460244,
            "i_j_b_m": 117.66878428685534,
            "i_j_c_m": 155.30750538806635,
            "i_j_n_m": 43.75037727759318,
            "i_k_a_m": 117.60437967460244,
            "i_k_b_m": 117.66878428685534,
            "i_k_c_m": 155.30750538806635,
            "i_k_n_m": 43.75037727759318,
            "m": 20.0,
            "monitor": true,
            "type": "z"
        },
        {
            "bus_j": "B2",
            "bus_j_nodes": [
                1,
                2,
                3,
                4
            ],
            "bus_k": "B3",
            "bus_k_nodes": [
                1,
                2,
                3,
                4
            ],
            "code": "lv_cu_150",
            "deg_j_a": 179.96795397024923,
            "deg_j_b": 59.89077070889028,
            "deg_j_c": 119.7061232187338,
            "deg_j_n": -63.78314201416138,
            "deg_k_a": 179.96795397024923,
            "deg_k_b": 59.89077070889028,
            "deg_k_c": 119.7061232187338,
            "deg_k_n": -63.78314201416138,
            "i_j_a_m": 12.404353536211167,
            "i_j_b_m": 12.395869631219883,
            "i_j_c_m": 25.035360941436572,
            "i_j_n_m": 43.676379622550115,
            "i_k_a_m": 12.404353536211167,
            "i_k_b_m": 12.395869631219883,
            "i_k_c_m": 25.035360941436572,
            "i_k_n_m": 43.676379622550115,
            "m": 100.0,
            "monitor": true,
            "type": "z"
        },
        {
            "bus_j": "B3",
            "bus_j_nodes": [
                1,
                2,
                3,
                4
            ],
            "bus_k": "B4",
            "bus_k_nodes": [
                1,
                2,
                3,
                4
            ],
            "code": "lv_cu_150",
            "deg_j_a": 179.85294357517517,
            "deg_j_b": 60.1507191990213,
            "deg_j_c": -60.1925920107128,
            "deg_j_n": 120.49663911296287,
            "deg_k_a": 179.85294357517517,
            "deg_k_b": 60.1507191990213,
            "deg_k_c": -60.1925920107128,
            "deg_k_n": 120.49663911296287,
            "i_j_a_m": 55.582671048826604,
            "i_j_b_m": 55.68973802786794,
            "i_j_c_m": 280.48395686909714,
            "i_j_n_m": 218.44361574791088,
            "i_k_a_m": 55.582671048826604,
            "i_k_b_m": 55.68973802786794,
            "i_k_c_m": 280.48395686909714,
            "i_k_n_m": 218.44361574791088,
            "m": 20.0,
            "monitor": true,
            "type": "z"
        }
    ],
    "loads": [
        {
            "bus": "B2",
            "bus_nodes": [
                1,
                2,
                3,
                4
            ],
            "kVA": [
                30.0,
                30.0,
                30.0
            ],