{
    "v_B2_a_r": 230.60694691635794,
    "v_B2_a_i": -0.18750252438979334,
    "v_B2_b_r": -115.46672115126422,
    "v_B2_b_i": -199.6173770032404,
    "v_B2_c_r": -115.00686562145313,
    "v_B2_c_i": 199.7125569607536,
    "v_B2_n_r": -0.17114781499322937,
    "v_B2_n_i": 0.16306400691919004,
    "v_B3_a_r": 230.81417286416834,
    "v_B3_a_i": -0.08835524357252075,
    "v_B3_b_r": -115.48481562463675,
    "v_B3_b_i": -199.84620310216891,
    "v_B3_c_r": -114.5300648434552,
    "v_B3_c_i": 199.38211039388676,
    "v_B3_n_r": -0.9134066942100819,
    "v_B3_n_i": 0.7475189878326343,
    "v_B1_n_r": -0.022522345996368934,
    "v_B1_n_i": 0.04587552085561759,
    "v_B4_n_r": -0.1293796234898549,
    "v_B4_n_i": 0.2199369551650696,
    "i_B2_a_r": -129.99470685839978,
    "i_B2_a_i": 0.19747018567826158,
    "i_B2_b_r": 65.00983173840069,
    "i_B2_b_i": 112.6469341225241,
    "i_B2_c_r": 64.99246875959506,
    "i_B2_c_i": -112.93711080647697,
    "i_B2_n_r": -0.007593639595967261,
    "i_B2_n_i": 0.09270649827460886,
    "i_B3_a_r": -43.15355947934726,
    "i_B3_a_i": 0.15566100535485583,
    "i_B3_b_r": 21.469613367356136,
    "i_B3_b_i": 37.58939247393234,
    "i_B3_c_r": 173.57832195861903,
    "i_B3_c_i": -303.4648230016998,
    "i_B3_n_r": -151.8943758466279,
    "i_B3_n_i": 265.7197695224126
}