{
    "buses": [
        {
            "N_nodes": 3,
            "U_kV": 20.0,
            "bus": "AC1",
            "deg_an": 0.0,
            "deg_bn": -119.99999999999999,
            "deg_cn": 120.00000000000004,
            "deg_ng": 0.0,
            "p_a": -4.594596703100251e-09,
            "p_b": -1.814907383490395e-08,
            "p_c": 3.193917753918581e-09,
            "pos_x": 0,
            "pos_y": 0,
            "q_a": 1.5752902982058004e-08,
            "q_b": 1.383429886914937e-09,
            "q_c": -4.219285909811747e-09,
            "units": "m",
            "v_ab": 19999.99067499782,
            "v_an": 11547.0,
            "v_bc": 19999.990674997825,
            "v_bn": 11547.0,
            "v_ca": 19999.99067499783,
            "v_cn": 11547.0,
            "v_ng": 0.0
        },
        {
            "N_nodes": 4,
            "U_kV": 0.4,
            "bus": "AC2",
            "deg_an": -30.000000000000092,
            "deg_bn": -149.99999999999983,
            "deg_cn": 90.00000000000011,
            "deg_ng": 119.74488129694222,
            "p_a": 0.0,
            "p_b": -0.0,
            "p_c": 0.0,
            "pos_x": 30,
            "pos_y": 0,
            "q_a": -0.0,
            "q_b": 0.0,
            "q_c": 0.0,
            "units": "m",
            "v_ab": 399.99981349995596,
            "v_an": 230.93999999999988,
            "v_bc": 399.9998134999568,
            "v_bn": 230.9400000000001,
            "v_ca": 399.9998134999569,
            "v_cn": 230.94000000000005,
            "v_ng": 3.6662903532026344e-12
        },
        {
            "N_nodes": 4,
            "U_kV": 0.4,
            "bus": "AC3",
            "deg_an": -30.00000000000034,
            "deg_bn": -149.99999999999983,
            "deg_cn": 90.00000000000011,
            "deg_ng": 140.19442890773482,
            "p_a": 0.0,
            "p_b": -0.0,
            "p_c": 0.0,
            "pos_x": 90,
            "pos_y": 0,
            "q_a": -0.0,
            "q_b": 0.0,
            "q_c": 0.0,
            "units": "m",
            "v_ab": 399.9998134999555,
            "v_an": 230.93999999999994,
            "v_bc": 399.9998134999572,
            "v_bn": 230.9400000000001,
            "v_ca": 399.99981349995784,
            "v_cn": 230.9400000000005,
            "v_ng": 3.551690349880416e-12
        },
        {
            "N_nodes": 4,
            "U_kV": 0.4,
            "bus": "AC4",
            "deg_an": -30.000000000000092,
            "deg_bn": -149.99999999999977,
            "deg_cn": 90.00000000000034,
            "deg_ng": 150.25511870305778,
            "p_a": 0.0,
            "p_b": -0.0,
            "p_c": 0.0,
            "pos_x": 150,
            "pos_y": 0,
            "q_a": -0.0,
            "q_b": 0.0,
            "q_c": 0.0,
            "units": "m",
            "v_ab": 399.9998134999564,
            "v_an": 230.93999999999988,
            "v_bc": 399.999813499957,
            "v_bn": 230.94000000000074,
            "v_ca": 399.9998134999573,
            "v_cn": 230.94000000000005,
            "v_ng": 3.6662903532026344e-12
        },
        {
            "N_nodes": 4,
            "U_kV": 0.4,
            "bus": "DC2",
            "deg_an": 0.0,
            "deg_bn": 0.0,
            "deg_cn": 0.0,
            "deg_ng": 0.0,
            "p_a": 0.0,
            "p_b": -2.7105054312137613e-25,
            "p_c": -2.7105054312137613e-25,
            "pos_x": 30,
            "pos_y": -20,
            "q_a": 0.0,
            "q_b": -0.0,
            "q_c": -0.0,
            "units": "m",
            "v_ab": 799.99999,
            "v_an": 800.0,
            "v_bc": 0.0,
            "v_bn": 1e-05,
            "v_ca": 799.99999,
            "v_cn": 1e-05,
            "v_ng": 0.0
        },
        {
            "N_nodes": 4,
            "U_kV": 0.4,
            "bus": "DC4",
            "deg_an": 0.0,
            "deg_bn": 0.0,
            "deg_cn": 0.0,
            "deg_ng": 0.0,
            "p_a": 0.0,
            "p_b": 0.0,
            "p_c": 0.0,
            "pos_x": 150,
            "pos_y": -20,
            "q_a": 0.0,
            "q_b": 0.0,
            "q_c": 0.0,
            "units": "m",
            "v_ab": 799.99999,
            "v_an": 800.0,
            "v_bc": 0.0,
            "v_bn": 1.0000000000000003e-05,
            "v_ca": 799.99999,
            "v_cn": 1.0000000000000003e-05,
            "v_ng": 0.0
        }
    ],
    "grid_formers": [
        {
            "bus": "AC1",
            "bus_nodes": [
                1,
                2,
                3
            ],
            "deg": [
                0,
                -120,
                -240
            ],
            "kV": [
                11.547,
                11.547,
                11.547
            ]
        },
        {
            "bus": "DC2",
            "bus_nodes": [
                1,
                2,
                3
            ],
            "deg": [
                0,
                0,
                0
            ],
            "kV": [
                0.8,
                1e-08,
                1e-08
            ]
        }
    ],
    "line_codes": {
        "UG1": {
            "I_max": 430.0,
            "R": [
                [
                    0.211,
                    0.049,
                    0.049,
                    0.049
                ],
                [
                    0.049,
                    0.211,
                    0.049,
                    0.049
                ],
                [
                    0.049,
                    0.049,
                    0.211,
                    0.049
                ],
                [
                    0.049,
                    0.049,
                    0.049,
                    0.211
                ]
            ],
            "X": [
                [
                    0.747,
                    0.673,
                    0.651,
                    0.673
                ],
                [
                    0.673,
                    0.747,
                    0.673,
                    0.651
                ],
                [
                    0.651,
                    0.673,
                    0.747,
                    0.673
                ],
                [
                    0.673,
                    0.651,
                    0.673,
                    0.747
                ]
            ]
        },
        "UG1dc": {
            "R": [
                [
                    0.211,
                    0.0,
                    0.0,
                    0.0
                ],
                [
                    0.0,
                    0.211,
                    0.0,
                    0.0
                ],
                [
                    0.0,
                    0.0,
                    0.211,
                    0.0
                ],
                [
                    0.0,
                    0.0,
                    0.0,
                    0.211
                ]
            ],
            "X": [
                [
                    0.0,
                    0.0,
                    0.0,
                    0.0
                ],
                [
                    0.0,
                    0.0,
                    0.0,
                    0.0
                ],
                [
                    0.0,
                    0.0,
                    0.0,
                    0.0
                ],
                [
                    0.0,
                    0.0,
                    0.0,
                    0.0
                ]
            ]
        }
    },
    "lines": [
        {
            "bus_j": "AC2",
            "bus_j_nodes": [
                1,
                2,
                3,
                4
            ],
            "bus_k": "AC3",
            "bus_k_nodes": [
                1,
                2,
                3,
                4
            ],
            "code": "UG1",