{
    "v_AC3_a_r": 199.9999067499748,
    "v_AC3_a_i": -115.46999999999889,
    "v_AC3_b_r": -199.9999067499807,
    "v_AC3_b_i": -115.46999999999844,
    "v_AC3_c_r": -3.183231456205249e-12,
    "v_AC3_c_i": 230.94000000000278,
    "v_AC3_n_r": -2.7284841053187847e-12,
    "v_AC3_n_i": 2.2737367544323206e-12,
    "v_AC4_a_r": 199.9999067499748,
    "v_AC4_a_i": -115.46999999999844,
    "v_AC4_b_r": -199.99990674998162,
    "v_AC4_b_i": -115.46999999999935,
    "v_AC4_c_r": -4.547473508864641e-12,
    "v_AC4_c_i": 230.94000000000187,
    "v_AC4_n_r": -3.183231456205249e-12,
    "v_AC4_n_i": 1.8189894035458565e-12,
    "v_DC4_a_r": 800.0,
    "v_DC4_a_i": 0.0,
    "v_DC4_b_r": 1.0000000000000003e-05,
    "v_DC4_b_i": 0.0,
    "v_DC4_c_r": 1.0000000000000003e-05,
    "v_DC4_c_i": 0.0,
    "v_DC4_n_r": 10.0,
    "v_DC4_n_i": 0.0,
    "v_AC2_a_r": 199.99990674997616,
    "v_AC2_a_i": -115.46999999999707,
    "v_AC2_b_r": -199.9999067499798,
    "v_AC2_b_i": -115.46999999999753,
    "v_AC2_c_r": -2.2737367544323206e-12,
    "v_AC2_c_i": 230.94000000000324,
    "v_AC2_n_r": -1.8189894035458565e-12,
    "v_AC2_n_i": 3.183231456205249e-12,
    "v_DC2_n_r": 10.0,
    "v_DC2_n_i": 0.0,
    "i_load_AC3_a_r": 0.0,
    "i_load_AC3_a_i": 0.0,
    "i_load_AC3_b_r": 0.0,
    "i_load_AC3_b_i": 0.0,
    "i_load_AC3_c_r": 0.0,
    "i_load_AC3_c_i": 0.0,
    "i_load_AC3_n_r": 0.0,
    "i_load_AC3_n_i": 0.0,
    "i_load_AC4_a_r": 0.0,
    "i_load_AC4_a_i": 0.0,
    "i_load_AC4_b_r": 0.0,
    "i_load_AC4_b_i": 0.0,
    "i_load_AC4_c_r": 0.0,
    "i_load_AC4_c_i": 0.0,
    "i_load_AC4_n_r": 0.0,
    "i_load_AC4_n_i": 0.0,
    "i_load_DC4_a_r": 0.0,
    "i_load_DC4_a_i": 0.0,
    "i_load_DC4_b_r": 0.0,
    "i_load_DC4_b_i": 0.0,
    "i_load_DC4_c_r": 0.0,
    "i_load_DC4_c_i": 0.0,
    "i_load_DC4_n_r": 0.0,
    "i_load_DC4_n_i": 0.0,
    "v_DC2_a_r": 800.0
}