{
    "V_B1_0_r": 200.00000000000003,
    "V_B1_0_i": -115.47005383792515,
    "V_B1_1_r": -199.99999999999997,
    "V_B1_1_i": -115.47005383792524,
    "V_B1_2_r": 1.414100318299876e-14,
    "V_B1_2_i": 230.94010767585033,
    "V_B1_3_r": 0.0,
    "V_B1_3_i": 0.0,
    "V_B2_0_r": 200.00000000000003,
    "V_B2_0_i": -115.47005383792515,
    "V_B2_1_r": -199.99999999999997,
    "V_B2_1_i": -115.47005383792524,
    "V_B2_2_r": 1.414100318299876e-14,
    "V_B2_2_i": 230.94010767585033,
    "V_B2_3_r": 0.0,
    "V_B2_3_i": 0.0,
    "V_B4_0_r": 200.00000000000003,
    "V_B4_0_i": -115.47005383792515,
    "V_B4_1_r": -199.99999999999997,
    "V_B4_1_i": -115.47005383792524,
    "V_B4_2_r": 1.414100318299876e-14,
    "V_B4_2_i": 230.94010767585033,
    "V_B4_3_r": 0.0,
    "V_B4_3_i": 0.0,
    "omega_coi": 1.0
}