{
    "a_R1": 2.92,
    "b_R1": 0.45,
    "c_R1": 0.027,
    "a_R10": 2.92,
    "b_R10": 0.45,
    "c_R10": 0.027,
    "coef_a_R10": 0.3333333333333333,
    "coef_b_R10": 0.3333333333333333,
    "coef_c_R10": 0.3333333333333333,
    "a_R14": 2.92,
    "b_R14": 0.45,
    "c_R14": 0.027,
    "coef_a_R14": 0.3333333333333333,
    "coef_b_R14": 0.3333333333333333,
    "coef_c_R14": 0.3333333333333333
}