{
    "v_R1_a_r": 192.617151521099,
    "v_R1_a_i": -118.56523640471278,
    "v_R1_b_r": -199.5258222608245,
    "v_R1_b_i": -106.94016004968944,
    "v_R1_c_r": 6.549518120147695,
    "v_R1_c_i": 226.92997452649797,
    "v_R1_n_r": -0.10316548484843224,
    "v_R1_n_i": 0.4770092409416975,
    "v_R11_a_r": 188.05986442635185,
    "v_R11_a_i": -116.23603789709887,
    "v_R11_b_r": -195.64042595552746,
    "v_R11_b_i": -104.53880685912736,
    "v_R11_c_r": 7.075934426989988,
    "v_R11_c_i": 222.72977110194552,
    "v_R11_n_r": 0.01020856452305452,
    "v_R11_n_i": -0.05598363851822796,
    "v_R15_a_r": 179.52955820232455,
    "v_R15_a_i": -109.11766305172205,
    "v_R15_b_r": -185.62534310879346,
    "v_R15_b_i": -101.11975733561849,
    "v_R15_c_r": 5.429030090737797,
    "v_R15_c_i": 212.74568504616764,
    "v_R15_n_r": 0.14714936611562734,
    "v_R15_n_i": -0.6097678588266717,
    "v_R16_a_r": 182.3492577710931,
    "v_R16_a_i": -113.07094326429069,
    "v_R16_b_r": -190.53684274882107,
    "v_R16_b_i": -101.63964597141239,
    "v_R16_c_r": 7.499489592973987,
    "v_R16_c_i": 217.30301323094682,
    "v_R16_n_r": 0.15041959772861446,
    "v_R16_n_i": -0.69672023548992,
    "v_R17_a_r": 180.4446167419046,
    "v_R17_a_i": -112.47065565668163,
    "v_R17_b_r": -189.2910220390877,
    "v_R17_b_i": -100.50263640941193,
    "v_R17_c_r": 8.06956301831815,
    "v_R17_c_i": 215.85387466707107,
    "v_R17_n_r": 0.21180564854148543,
    "v_R17_n_i": -0.986948348396254,
    "v_R18_a_r": 179.6204348411884,
    "v_R18_a_i": -111.91533053941384,
    "v_R18_b_r": -188.45855326767924,
    "v_R18_b_i": -100.12551547421026,
    "v_R18_c_r": 8.037031278861832,
    "v_R18_c_i": 215.00067025740282,
    "v_R18_n_r": 0.23077112851751735,
    "v_R18_n_i": -1.0665841444024409,
    "v_D15_a_r": 104.42759262830845,
    "v_D15_a_i": 0.0,
    "v_D15_n_r": -108.46604446855365,
    "v_D15_n_i": 0.0,
    "v_D11_a_r": 67.58314111200045,
    "v_D11_a_i": 0.0,
    "v_D11_n_r": -71.6215929522456,
    "v_D11_n_i": 0.0,
    "v_D16_a_r": 114.00037319437945,
    "v_D16_a_i": 0.0,
    "v_D16_n_r": -118.03882503462461,
    "v_D16_n_i": 0.0,
    "v_D17_a_r": 140.0056238659671,
    "v_D17_a_i": 0.0,
    "v_D17_n_r": -144.04407570621225,
    "v_D17_n_i": 0.0,
    "v_D18_a_r": 143.6973960966158,
    "v_D18_a_i": 0.0,
    "v_D18_n_r": -147.73584793686098,
    "v_D18_n_i": 0.0,
    "v_R2_a_r": 190.5799011129784,
    "v_R2_a_i": -117.63260224768965,
    "v_R2_b_r": -197.89714730266132,
    "v_R2_b_i": -105.82556962688977,
    "v_R2_c_r": 6.8878015602967935,
    "v_R2_c_i": 225.13795299167032,
    "v_R2_n_r": -0.048575018663541414,
    "v_R2_n_i": 0.22049583348052693,
    "v_R3_a_r": 188.54251877771821,
    "v_R3_a_i": -116.69998724150719,
    "v_R3_b_r": -196.26860002709873,
    "v_R3_b_i": -104.71099741985745,
    "v_R3_c_r": 7.225953073295386,
    "v_R3_c_i": 223.345912306002,
    "v_R3_n_r": 0.00586235773153021,
    "v_R3_n_i": -0.036008614810270956,
    "v_R4_a_r": 186.6488214647179,
    "v_R4_a_i": -115.83365534055702,
    "v_R4_b_r": -194.7558033833193,
    "v_R4_b_i": -103.67590082111565,
    "v_R4_c_r": 7.539748583429173,
    "v_R4_c_i": 221.682048057286,
    "v_R4_n_r": 0.0568589610811614,
    "v_R4_n_i": -0.27492381267802557,
    "v_R5_a_r": 185.28262423156048,
    "v_R5_a_i": -115.20448356460474,
    "v_R5_b_r": -193.66182650009796,
    "v_R5_b_i": -102.93215145604336,
    "v_R5_c_r": 7.762453688916139,
    "v_R5_c_i": 220.4812358047784,
    "v_R5_n_r": 0.09354696561786113,
    "v_R5_n_i": -0.4480654493854672,
    "v_R6_a_r": 183.9164269984285,
    "v_R6_a_i": -114.57531178864883,
    "v_R6_b_r": -192.56784961686935,
    "v_R6_b_i": -102.18840209095288,
    "v_R6_c_r": 7.985158794424933,
    "v_R6_c_i": 219.28042355227444,
    "v_R6_n_r": 0.1302349701472849,
    "v_R6_n_i": -0.6212070861147367,
    "v_R7_a_r": 183.09440160620215,
    "v_R7_a_i": -114.19652775395298,
    "v_R7_b_r": -191.910261369605,
    "v_R7_b_i": -101.74237187054678,
    "v_R7_c_r": 8.117817429250863,
    "v_R7_c_i": 218.5595763931633,
    "v_R7_n_r": 0.15243849888793193,
    "v_R7_n_i": -0.7259459194174269,
    "v_R8_a_r": 182.27237621396853,
    "v_R8_a_i": -113.81774371927531,
    "v_R8_b_r": -191.2526731223188,
    "v_R8_b_i": -101.29634165010793,
    "v_R8_c_r": 8.250476064058603,
    "v_R8_c_i": 217.8387292340376,
    "v_R8_n_r": 0.17464202765040682,
    "v_R8_n_i": -0.8306847527201171,
    "v_R9_a_r": 181.45084747900546,
    "v_R9_a_i": -113.43889245787432,
    "v_R9_b_r": -190.59460420843607,
    "v_R9_b_i": -100.85024756483472,
    "v_R9_c_r": 8.383631356136902,
    "v_R9_c_i": 217.11794930164615,
    "v_R9_n_r": 0.19742075601243414,
    "v_R9_n_i": -0.935462800822279,
    "v_R10_a_r": 180.97877801152572,
    "v_R10_a_i": -113.22140632424635,
    "v_R10_b_r": -190.2169002388946,
    "v_R10_b_i": -100.59413592756391,
    "v_R10_c_r": 8.459921692319767,
    "v_R10_c_i": 216.70419486797255,
    "v_R10_n_r": 0.21040612818615045,
    "v_R10_n_i": -0.9957193880909472,
    "v_R12_a_r": 184.86886440895614,
    "v_R12_a_i": -114.15467975660795,
    "v_R12_b_r": -192.4733252998376,
    "v_R12_b_i": -103.03688645992952,
    "v_R12_c_r": 7.011927720075619,
    "v_R12_c_i": 219.44793481624947,
    "v_R12_n_r": 0.07923869168007514,
    "v_R12_n_i": -0.35850179725821363,
    "v_R13_a_r": 183.08890735318346,
    "v_R13_a_i": -112.47570417266252,
    "v_R13_b_r": -190.190847216345,
    "v_R13_b_i": -102.3978720987252,
    "v_R13_c_r": 6.484106856743892,
    "v_R13_c_i": 217.2138215752202,
    "v_R13_n_r": 0.10161842226807494,
    "v_R13_n_i": -0.4420797818384017,
    "v_R14_a_r": 181.30923277776674,
    "v_R14_a_i": -110.796683612185,
    "v_R14_b_r": -187.90809516256195,
    "v_R14_b_i": -101.75881471715911,
    "v_R14_c_r": 5.956568473753578,
    "v_R14_c_i": 214.97975331069392,
    "v_R14_n_r": 0.12438389419185114,
    "v_R14_n_i": -0.5259238203288987,
    "v_D1_n_r": -4.038451840245169,
    "v_D1_n_i": 0.0,
    "v_D3_a_r": 59.64793368042117,
    "v_D3_a_i": 0.0,
    "v_D3_b_r": 0.0,
    "v_D3_b_i": 0.0,
    "v_D3_c_r": 0.0,
    "v_D3_c_i": 0.0,
    "v_D3_n_r": -63.68638552066633,
    "v_D3_n_i": 0.0,
    "v_D4_a_r": 80.2141585171226,
    "v_D4_a_i": 0.0,
    "v_D4_b_r": 0.0,
    "v_D4_b_i": 0.0,
    "v_D4_c_r": 0.0,
    "v_D4_c_i": 0.0,
    "v_D4_n_r": -84.25261035736774,
    "v_D4_n_i": 0.0,
    "v_D6_a_r": 109.23989113493252,
    "v_D6_a_i": 0.0,
    "v_D6_b_r": 0.0,
    "v_D6_b_i": 0.0,
    "v_D6_c_r": 0.0,
    "v_D6_c_i": 0.0,
    "v_D6_n_r": -113.27834297517768,
    "v_D6_n_i": 0.0,
    "v_D9_a_r": 136.11680285358318,
    "v_D9_a_i": 0.0,
    "v_D9_b_r": 0.0,
    "v_D9_b_i": 0.0,
    "v_D9_c_r": 0.0,
    "v_D9_c_i": 0.0,
    "v_D9_n_r": -140.15525469382837,
    "v_D9_n_i": 0.0,
    "v_D10_a_r": 800.0,
    "v_D10_a_i": 0.0,
    "v_D10_b_r": 0.0,
    "v_D10_b_i": 0.0,
    "v_D10_c_r": 0.0,
    "v_D10_c_i": 0.0,
    "v_D10_n_r": 10.0,
    "v_D10_n_i": 0.0,
    "v_D11_b_r": 0.0,
    "v_D11_b_i": 0.0,
    "v_D11_c_r": 0.0,
    "v_D11_c_i": 0.0,
    "v_D16_b_r": 0.0,
    "v_D16_b_i": 0.0,
    "v_D16_c_r": 0.0,
    "v_D16_c_i": 0.0,
    "v_D17_b_r": 0.0,
    "v_D17_b_i": 0.0,
    "v_D17_c_r": 0.0,
    "v_D17_c_i": 0.0,
    "v_D18_b_r": 0.0,
    "v_D18_b_i": 0.0,
    "v_D18_c_r": 0.0,
    "v_D18_c_i": 0.0,
    "v_D14_a_r": 800.0,
    "v_D14_a_i": 0.0,
    "v_D14_b_r": 0.0,
    "v_D14_b_i": 0.0,
    "v_D14_c_r": 0.0,
    "v_D14_c_i": 0.0,
    "v_D14_n_r": 10.0,
    "v_D14_n_i": 0.0,
    "v_D15_b_r": 0.0,
    "v_D15_b_i": 0.0,
    "v_D15_c_r": 0.0,
    "v_D15_c_i": 0.0,
    "i_load_R1_a_r": -189.57601731987032,
    "i_load_R1_a_i": 225.11489961716472,
    "i_load_R1_b_r": 289.74455058644145,
    "i_load_R1_b_i": 51.683593094930856,
    "i_load_R1_c_r": -100.05476145575832,
    "i_load_R1_c_i": -276.7360567929572,
    "i_load_R1_n_r": -0.11377181081280696,
    "i_load_R1_n_i": -0.062435919138408735,
    "i_load_R11_a_r": -14.569030876921552,
    "i_load_R11_a_i": 17.30330365382941,
    "i_load_R11_b_r": 22.206439940298853,