{
    "buses": [
        {
            "N_nodes": 4,
            "U_kV": 0.4,
            "bus": "B1",
            "deg_an": -0.15271292523454555,
            "deg_bn": -119.9257801767936,
            "deg_cn": 120.07849418607279,
            "deg_ng": 89.1504787963364,
            "p_a": 55968.58983567228,
            "p_b": 57219.408654012725,
            "p_c": 181874.80834026771,
            "pos_x": 0,
            "pos_y": 0,
            "q_a": 36328.04196263945,
            "q_b": 33817.55603255247,
            "q_c": 111095.05097587117,
            "units": "m",
            "v_ab": 400.1037365484106,
            "v_an": 230.9916912946015,
            "v_bc": 400.1037365484106,
            "v_bn": 231.5379459663536,
            "v_ca": 400.1037365484107,
            "v_cn": 230.47159376924623,
            "v_ng": 0.6157391209050309
        },
        {
            "N_nodes": 4,
            "U_kV": 0.4,
            "bus": "B2",
            "deg_an": -1.3511420655557174,
            "deg_bn": -118.72119410390776,
            "deg_cn": 120.44888167201674,
            "deg_ng": 112.31208043228713,
            "p_a": -84999.99999999999,
            "p_b": -85000.0,
            "p_c": -255000.00000000006,
            "pos_x": 10,
            "pos_y": 0,
            "q_a": -52678.26876426369,
            "q_b": -52678.26876426369,
            "q_c": -158034.80629279112,
            "units": "m",
            "v_ab": 395.576394221569,
            "v_an": 230.79016350745604,
            "v_bc": 390.12365072788333,
            "v_bn": 232.23806571236614,
            "v_ca": 390.70334449416384,
            "v_cn": 216.28239815302754,
            "v_ng": 6.261873113717387
        },
        {
            "N_nodes": 4,
            "U_kV": 0.4,
            "bus": "B3",
            "deg_an": -0.07991549586030813,
            "deg_bn": -119.96251895304799,
            "deg_cn": 120.04243460378194,
            "deg_ng": 87.99018720456353,
            "p_a": 27960.858326994683,
            "p_b": 28589.239043560454,
            "p_c": 91073.04154661708,
            "pos_x": 100,
            "pos_y": 0,
            "q_a": 18199.343437999687,
            "q_b": 16871.957025334115,
            "q_c": 55551.70372686357,
            "units": "m",
            "v_ab": 400.1037365484106,
            "v_an": 230.9889186467829,
            "v_bc": 400.1037365484106,
            "v_bn": 231.28471908214289,
            "v_ca": 400.1037365484107,
            "v_cn": 230.72669972493307,
            "v_ng": 0.3223789050563643
        }
    ],
    "grid_formers": [
        {
            "bus": "B1",
            "bus_nodes": [
                1,
                2,
                3
            ],
            "deg": [
                0,
                -120,
                -240
            ],
            "kV": [
                0.231,
                0.231,
                0.231
            ]
        },
        {
            "bus": "B3",
            "bus_nodes": [
                1,
                2,
                3
            ],
            "deg": [
                0,
                -120,
                -240
            ],
            "kV": [
                0.231,
                0.231,
                0.231
            ]
        }
    ],
    "line_codes": {
        "lv_cu_150": {
            "Rn": 0.167,
            "Rph": 0.167,
            "Xn": 0.08,
            "Xph": 0.08
        }
    },
    "lines": [
        {
            "bus_j": "B1",
            "bus_j_nodes": [
                1,
                2,
                3,
                4
            ],
            "bus_k": "B2",
            "bus_k_nodes": [
                1,
                2,
                3,
                4
            ],
            "code": "lv_cu_150",
            "deg_j_a": -33.13947268260812,
            "deg_j_b": -150.5095247209602,
            "deg_j_c": 88.66055105496504,
            "deg_j_n": -90.84952120366361,
            "deg_k_a": -33.13947268260812,
            "deg_k_b": -150.5095247209602,
            "deg_k_c": 88.66055105496504,
            "deg_k_n": -90.84952120366361,
            "i_j_a_m": 288.862686578546,
            "i_j_b_m": 287.0617547651926,
            "i_j_c_m": 924.7169520401399,
            "i_j_n_m": 615.739120905031,
            "i_k_a_m": 288.862686578546,
            "i_k_b_m": 287.0617547651926,
            "i_k_c_m": 924.7169520401399,
            "i_k_n_m": 615.739120905031,
            "m": 50.0,
            "type": "z"
        },
        {
            "bus_j": "B2",
            "bus_j_nodes": [
                1,
                2,
                3,
                4
            ],
            "bus_k": "B3",
            "bus_k_nodes": [
                1,
                2,
                3,
                4
            ],
            "code": "lv_cu_150",
            "deg_j_a": 146.86052731739187,
            "deg_j_b": 29.490475279039806,
            "deg_j_c": -91.33944894503496,
            "deg_j_n": 87.99018720456351,
            "deg_k_a": 146.86052731739187,
            "deg_k_b": 29.490475279039806,
            "deg_k_c": -91.33944894503496,
            "deg_k_n": 87.99018720456351,
            "i_j_a_m": 144.431343289273,
            "i_j_b_m": 143.5308773825963,
            "i_j_c_m": 462.35847602006993,
            "i_j_n_m": 322.3789050563644,
            "i_k_a_m": 144.431343289273,
            "i_k_b_m": 143.5308773825963,
            "i_k_c_m": 462.35847602006993,
            "i_k_n_m": 322.3789050563644,
            "m": 100.0,
            "type": "z"
        }
    ],
    "loads": [
        {
            "bus": "B2",
            "bus_nodes": [
                1,
                2,
                3,
                4
            ],
            "kVA": [
                100.0,
                100.0,
                300.0
            ],
            "pf": [
                0.85,
                0.85,
                0.85
            ],
            "type": "3P+N"
        }
    ],
    "shunts": [
        {
            "R": 0.001,
            "X": 0.0,
            "bus": "B1",
            "bus_nodes": [
                4,
                0
            ]
        },
        {
            "R": 0.001,
            "X": 0.0,
            "bus": "B3",
            "bus_nodes": [
                4,
                0
            ]
        }
    ]
}