{
    "v_B2_a_r": 228.34866690351063,
    "v_B2_a_i": 0.35108374980857604,
    "v_B2_b_r": -113.97884884812584,
    "v_B2_b_i": -197.8724154234687,
    "v_B2_c_r": -111.98263544569598,
    "v_B2_c_i": 192.24612808578348,
    "v_B2_n_r": -2.3773278004498533,
    "v_B2_n_i": 5.793044744560227,
    "v_B1_n_r": 0.009129193783120462,
    "v_B1_n_i": 0.6156714405805074,
    "v_B3_n_r": 0.01130604015086379,
    "v_B3_n_i": 0.32218058889001777,
    "i_B2_a_r": -362.8154164271668,
    "i_B2_a_i": 236.87272939180113,
    "i_B2_b_r": 374.80399290318405,
    "i_B2_b_i": 211.9716532326047,
    "i_B2_c_r": -32.42381041000146,
    "i_B2_c_i": -1386.696412094931,
    "i_B2_n_r": 20.435233933984186,
    "i_B2_n_i": 937.8520294705252
}