{
    "V_01": 1.0,
    "theta_01": 0.0,
    "V_02": 1.0,
    "theta_02": 0.0,
    "V_03": 1.0,
    "theta_03": 0.0,
    "V_04": 1.0,
    "theta_04": 0.0,
    "V_05": 1.0,
    "theta_05": 0.0,
    "V_06": 1.0,
    "theta_06": 0.0,
    "V_07": 1.0,
    "theta_07": 0.0,
    "V_08": 1.0,
    "theta_08": 0.0,
    "V_09": 1.0,
    "theta_09": 0.0,
    "V_10": 1.0,
    "theta_10": 0.0,
    "V_11": 1.0,
    "theta_11": 0.0,
    "V_12": 1.0,
    "theta_12": 0.0,
    "V_13": 1.0,
    "theta_13": 0.0,
    "V_14": 1.0,
    "theta_14": 0.0,
    "V_15": 1.0,
    "theta_15": 0.0,
    "V_16": 1.0,
    "theta_16": 0.0,
    "V_17": 1.0,
    "theta_17": 0.0,
    "V_18": 1.0,
    "theta_18": 0.0,
    "V_19": 1.0,
    "theta_19": 0.0,
    "V_20": 1.0,
    "theta_20": 0.0,
    "V_21": 1.0,
    "theta_21": 0.0,
    "V_22": 1.0,
    "theta_22": 0.0,
    "V_23": 1.0,
    "theta_23": 0.0,
    "V_24": 1.0,
    "theta_24": 0.0,
    "V_25": 1.0,
    "theta_25": 0.0,
    "V_26": 1.0,
    "theta_26": 0.0,
    "V_27": 1.0,
    "theta_27": 0.0,
    "V_28": 1.0,
    "theta_28": 0.0,
    "V_29": 1.0,
    "theta_29": 0.0,
    "V_30": 1.0,
    "theta_30": 0.0,
    "V_31": 1.0,
    "theta_31": 0.0,
    "V_32": 1.0,
    "theta_32": 0.0,
    "V_33": 1.0,
    "theta_33": 0.0,
    "V_34": 1.0,
    "theta_34": 0.0,
    "V_35": 1.0,
    "theta_35": 0.0,
    "V_36": 1.0,
    "theta_36": 0.0,
    "V_37": 1.0,
    "theta_37": 0.0,
    "V_38": 1.0,
    "theta_38": 0.0,
    "V_39": 1.0,
    "theta_39": 0.0,
    "omega_coi": 1.0,
    "delta_G10": 0.17079950637446556,
    "omega_G10": 1.0,
    "e1q_G10": 0.988848595083728,
    "e1d_G10": 0.15026129242402098,
    "i_q_G10": 0.7883593516475392,
    "i_d_G10": 0.13597622097216758,
    "p_g_G10": 0.8,
    "q_g_G10": 0.0,
    "v_f_G10": 1.5,
    "x_e_G10": 0.5,
    "x_ab_G10": 0.0025,
    "v_ref_G10": 1.05,
    "x_1_gov_G10": 0.5,
    "x_2_gov_G10": 0.5,
    "p_m_G10": 0.5,
    "x_wo_pss_G10": 0.0,
    "x_12_pss_G10": 0.0,
    "x_34_pss_G10": 0.0,
    "v_pss_G10": 0.0,
    "x_lc_G10": 0.8,
    "p_c_G10": 0.8,
    "delta_G02": 0.9730284330586857,
    "omega_G02": 1.0,
    "e1q_G02": 1.29463200667578,
    "e1d_G02": 0.32831432635607594,
    "i_q_G02": 0.4502390652167799,
    "i_d_G02": 0.6612751198651892,
    "p_g_G02": 0.8,
    "q_g_G02": 0.0,
    "v_f_G02": 1.5,
    "x_e_G02": 0.5,
    "x_ab_G02": 0.0025,
    "v_ref_G02": 0.9844999999999999,
    "x_1_gov_G02": 0.5,
    "x_2_gov_G02": 0.5,
    "p_m_G02": 0.5,
    "x_wo_pss_G02": 0.0,
    "x_12_pss_G02": 0.0,
    "x_34_pss_G02": 0.0,
    "v_pss_G02": 0.0,
    "x_lc_G02": 0.8,
    "p_c_G02": 0.8,
    "delta_G03": 0.9950200616121658,
    "omega_G03": 1.0,
    "e1q_G03": 1.022115188467647,
    "e1d_G03": 0.5287177461592781,
    "i_q_G03": 0.43558885002412107,
    "i_d_G03": 0.6710159116851581,
    "p_g_G03": 0.8,
    "q_g_G03": 0.0,
    "v_f_G03": 1.5,
    "x_e_G03": 0.5,
    "x_ab_G03": 0.0025,
    "v_ref_G03": 0.9855999999999999,
    "x_1_gov_G03": 0.5,
    "x_2_gov_G03": 0.5,
    "p_m_G03": 0.5,
    "x_wo_pss_G03": 0.0,
    "x_12_pss_G03": 0.0,
    "x_34_pss_G03": 0.0,
    "v_pss_G03": 0.0,
    "x_lc_G03": 0.8,
    "p_c_G03": 0.8,
    "delta_G04": 1.0206647726675488,
    "omega_G04": 1.0,
    "e1q_G04": 1.4171277571356198,
    "e1d_G04": 0.3039764700692626,
    "i_q_G04": 0.41823950202155,
    "i_d_G04": 0.6819646024162588,
    "p_g_G04": 0.8,
    "q_g_G04": 0.0,
    "v_f_G04": 1.5,
    "x_e_G04": 0.5,
    "x_ab_G04": 0.0025,
    "v_ref_G04": 0.9996999999999999,
    "x_1_gov_G04": 0.5,
    "x_2_gov_G04": 0.5,
    "p_m_G04": 0.5,
    "x_wo_pss_G04": 0.0,
    "x_12_pss_G04": 0.0,
    "x_34_pss_G04": 0.0,
    "v_pss_G04": 0.0,
    "x_lc_G04": 0.8,
    "p_c_G04": 0.8,
    "delta_G05": 1.2633622277944438,
    "omega_G05": 1.0,
    "e1q_G05": 1.1063553272754374,
    "e1d_G05": 0.6979248155849308,
    "i_q_G05": 0.24209123298932705,
    "i_d_G05": 0.7624905474231845,
    "p_g_G05": 0.8,
    "q_g_G05": 0.0,
    "v_f_G05": 1.5,
    "x_e_G05": 0.5,
    "x_ab_G05": 0.0025,
    "v_ref_G05": 1.0148,
    "x_1_gov_G05": 0.5,
    "x_2_gov_G05": 0.5,
    "p_m_G05": 0.5,
    "x_wo_pss_G05": 0.0,
    "x_12_pss_G05": 0.0,
    "x_34_pss_G05": 0.0,
    "v_pss_G05": 0.0,
    "x_lc_G05": 0.8,
    "p_c_G05": 0.8,
    "delta_G06": 1.0026375530777896,
    "omega_G06": 1.0,
    "e1q_G06": 0.9840726188319021,
    "e1d_G06": 0.5581837110354636,
    "i_q_G06": 0.43046480375990104,
    "i_d_G06": 0.6743145057938098,
    "p_g_G06": 0.8,
    "q_g_G06": 0.0,
    "v_f_G06": 1.5,
    "x_e_G06": 0.5,
    "x_ab_G06": 0.0025,
    "v_ref_G06": 1.0517999999999998,
    "x_1_gov_G06": 0.5,
    "x_2_gov_G06": 0.5,
    "p_m_G06": 0.5,
    "x_wo_pss_G06": 0.0,
    "x_12_pss_G06": 0.0,
    "x_34_pss_G06": 0.0,
    "v_pss_G06": 0.0,
    "x_lc_G06": 0.8,
    "p_c_G06": 0.8,
    "delta_G07": 1.021930355956384,
    "omega_G07": 1.0,
    "e1q_G07": 1.4103264770835842,
    "e1d_G07": 0.30969305455080237,
    "i_q_G07": 0.4173760843002728,
    "i_d_G07": 0.682493373047806,
    "p_g_G07": 0.8,
    "q_g_G07": 0.0,
    "v_f_G07": 1.5,
    "x_e_G07": 0.5,
    "x_ab_G07": 0.0025,
    "v_ref_G07": 1.0659999999999998,
    "x_1_gov_G07": 0.5,
    "x_2_gov_G07": 0.5,
    "p_m_G07": 0.5,
    "x_wo_pss_G07": 0.0,
    "x_12_pss_G07": 0.0,
    "x_34_pss_G07": 0.0,
    "v_pss_G07": 0.0,
    "x_lc_G07": 0.8,
    "p_c_G07": 0.8,
    "delta_G08": 0.9864656773681869,
    "omega_G08": 1.0,
    "e1q_G08": 0.9619425914088274,
    "e1d_G08": 0.5627181685654637,
    "i_q_G08": 0.44131297040660633,
    "i_d_G08": 0.6672652112547888,
    "p_g_G08": 0.8,
    "q_g_G08": 0.0,
    "v_f_G08": 1.5,
    "x_e_G08": 0.5,
    "x_ab_G08": 0.0025,
    "v_ref_G08": 1.0303,
    "x_1_gov_G08": 0.5,
    "x_2_gov_G08": 0.5,
    "p_m_G08": 0.5,
    "x_wo_pss_G08": 0.0,
    "x_12_pss_G08": 0.0,
    "x_34_pss_G08": 0.0,
    "v_pss_G08": 0.0,
    "x_lc_G08": 0.8,
    "p_c_G08": 0.8,
    "delta_G09": 1.0394627456303522,
    "omega_G09": 1.0,
    "e1q_G09": 0.9267142901537612,
    "e1d_G09": 0.6152759254389942,
    "i_q_G09": 0.40534681167336073,
    "i_d_G09": 0.6897057069984567,
    "p_g_G09": 0.8,
    "q_g_G09": 0.0,
    "v_f_G09": 1.5,
    "x_e_G09": 0.5,
    "x_ab_G09": 0.0025,
    "v_ref_G09": 1.029,
    "x_1_gov_G09": 0.5,
    "x_2_gov_G09": 0.5,
    "p_m_G09": 0.5,
    "x_wo_pss_G09": 0.0,
    "x_12_pss_G09": 0.0,
    "x_34_pss_G09": 0.0,
    "v_pss_G09": 0.0,
    "x_lc_G09": 0.8,
    "p_c_G09": 0.8,
    "omega_39": 1.0,
    "v_ref_filtered_39": 1.0,
    "p_z_f_03": 0.0,
    "q_z_f_03": 0.0,
    "g_load_03": 0.0,
    "b_load_03": 0.0,
    "i_p_03": 0.0,
    "i_q_03": 0.0,
    "p_z_f_04": 0.0,
    "q_z_f_04": 0.0,
    "g_load_04": 0.0,
    "b_load_04": 0.0,
    "i_p_04": 0.0,
    "i_q_04": 0.0,
    "p_z_f_07": 0.0,
    "q_z_f_07": 0.0,
    "g_load_07": 0.0,
    "b_load_07": 0.0,
    "i_p_07": 0.0,
    "i_q_07": 0.0,
    "p_z_f_08": 0.0,
    "q_z_f_08": 0.0,
    "g_load_08": 0.0,
    "b_load_08": 0.0,
    "i_p_08": 0.0,
    "i_q_08": 0.0,
    "p_z_f_12": 0.0,
    "q_z_f_12": 0.0,
    "g_load_12": 0.0,
    "b_load_12": 0.0,
    "i_p_12": 0.0,
    "i_q_12": 0.0,
    "p_z_f_15": 0.0,
    "q_z_f_15": 0.0,
    "g_load_15": 0.0,
    "b_load_15": 0.0,
    "i_p_15": 0.0,
    "i_q_15": 0.0,
    "p_z_f_16": 0.0,
    "q_z_f_16": 0.0,
    "g_load_16": 0.0,
    "b_load_16": 0.0,
    "i_p_16": 0.0,
    "i_q_16": 0.0,
    "p_z_f_18": 0.0,
    "q_z_f_18": 0.0,
    "g_load_18": 0.0,
    "b_load_18": 0.0,
    "i_p_18": 0.0,
    "i_q_18": 0.0,
    "p_z_f_20": 0.0,
    "q_z_f_20": 0.0,
    "g_load_20": 0.0,
    "b_load_20": 0.0,
    "i_p_20": 0.0,
    "i_q_20": 0.0,
    "p_z_f_21": 0.0,
    "q_z_f_21": 0.0,
    "g_load_21": 0.0,
    "b_load_21": 0.0,
    "i_p_21": 0.0,
    "i_q_21": 0.0,
    "p_z_f_23": 0.0,
    "q_z_f_23": 0.0,
    "g_load_23": 0.0,
    "b_load_23": 0.0,
    "i_p_23": 0.0,
    "i_q_23": 0.0,
    "p_z_f_24": 0.0,
    "q_z_f_24": 0.0,
    "g_load_24": 0.0,
    "b_load_24": 0.0,
    "i_p_24": 0.0,
    "i_q_24": -0.0,
    "p_z_f_25": 0.0,
    "q_z_f_25": 0.0,
    "g_load_25": 0.0,
    "b_load_25": 0.0,