{
    "V_LT": 1.0,
    "theta_LT": 0.0,
    "V_HT": 1.0,
    "theta_HT": 0.0,
    "omega_coi": 1.0,
    "delta_LT": 0.9532393491143508,
    "omega_LT": 1.0,
    "e1q_LT": 1.002998769714434,
    "e1d_LT": 0.5141920535668861,
    "i_q_LT": 0.46323608429449203,
    "i_d_LT": 0.6522364066866448,
    "p_g_LT": 0.8,
    "q_g_LT": 0.0
}