{
    "V_MV_0_r": 10000.0,
    "V_MV_0_i": -5773.502691896257,
    "V_MV_1_r": -9999.999999999998,
    "V_MV_1_i": -5773.502691896261,
    "V_MV_2_r": 7.070501591499379e-13,
    "V_MV_2_i": 11547.005383792515,
    "V_MV_3_r": 0.0,
    "V_MV_3_i": 0.0,
    "V_LV_0_r": 200.00000000000003,
    "V_LV_0_i": -115.47005383792515,
    "V_LV_1_r": -199.99999999999997,
    "V_LV_1_i": -115.47005383792524,
    "V_LV_2_r": 1.414100318299876e-14,
    "V_LV_2_i": 230.94010767585033,
    "V_LV_3_r": 0.0,
    "V_LV_3_i": 0.0,
    "omega": 1.0,
    "omega_coi": 1.0
}