{
    "delta_08": 0.0010004287868785747,
    "xi_p_08": 10.0,
    "xi_q_08": 1.000001281217634,
    "e_u_08": 126.0,
    "p_ghr_08": 0.01,
    "k_cur_08": 0.01,
    "delta_09": 0.0010004118350887372,
    "xi_p_09": 10.0,
    "xi_q_09": 1.0000012579700146,
    "e_u_09": 126.0,
    "p_ghr_09": 0.01,
    "k_cur_09": 0.01,
    "delta_10": 0.0010002914721971006,
    "xi_p_10": 10.0,
    "xi_q_10": 1.0000010704892186,
    "e_u_10": 126.0,
    "p_ghr_10": 0.01,
    "k_cur_10": 0.01,
    "delta_01": -2.216279703307057e-28,
    "Domega_01": -3.330669103212848e-24,
    "xi_freq": 0.03053142464122348,
    "V_01": 0.9999999999999986,
    "theta_01": 2.9996979421657816e-09,
    "V_02": 1.0000000272699336,
    "theta_02": 1.1207963295714643e-07,
    "V_03": 1.0000002021897842,
    "theta_03": 2.2456834756399428e-07,
    "V_04": 1.0000002873062006,
    "theta_04": 2.7931284116972424e-07,
    "V_05": 1.0000004601637786,
    "theta_05": 3.7792790047220584e-07,
    "V_06": 1.0000006482698138,
    "theta_06": 4.987906711644712e-07,
    "V_07": 1.0000006755795612,
    "theta_07": 5.163513905040975e-07,
    "V_08": 1.0000007813189056,
    "theta_08": 5.306624387733053e-07,
    "V_09": 1.0000007580712513,
    "theta_09": 5.136641629554768e-07,
    "V_10": 1.0000005705901742,
    "theta_10": 3.929263853302916e-07,
    "V_11": 1.0000002873062008,
    "theta_11": 2.79312841087048e-07,
    "V_12": 1.0000002021897842,
    "theta_12": 2.2456834751896662e-07,
    "omega_08": 1.0,
    "e_qv_08": 1.000001281217634,
    "i_d_08": 9.997972070175778e-06,
    "i_q_08": 0.009998987390633058,
    "p_s_08": 0.009999000201512027,
    "q_s_08": 2.62371002613316e-31,
    "p_m_08": 0.009999000201512027,
    "p_t_08": 0.01,
    "p_u_08": 2.274701161887401e-23,
    "v_u_08": 126.0,
    "k_u_08": 0.005,
    "k_cur_sat_08": 0.01,
    "p_gou_08": 0.01,
    "p_f_08": 1.700512398729425e-33,
    "omega_09": 1.0,
    "e_qv_09": 1.0000012579700146,
    "i_d_09": 9.997972767364594e-06,
    "i_q_09": 0.009998987623038942,
    "p_s_09": 0.00999900020146555,
    "q_s_09": 2.19220239341403e-19,
    "p_m_09": 0.009999000201465548,
    "p_t_09": 0.01,
    "p_u_09": 2.2606373302449864e-23,
    "v_u_09": 126.0,
    "k_u_09": 0.005,
    "k_cur_sat_09": 0.01,
    "p_gou_09": 0.01,
    "p_f_09": 5.044196867195571e-33,
    "omega_10": 1.0,
    "e_qv_10": 1.0000010704892186,
    "i_d_10": 9.997978389901264e-06,
    "i_q_10": 0.009998989497280286,
    "p_s_10": 0.00999900020109074,
    "q_s_10": -2.0926428186446535e-22,
    "p_m_10": 0.00999900020109074,
    "p_t_10": 0.01,
    "p_u_10": 2.8446069901562187e-23,
    "v_u_10": 126.0,
    "k_u_10": 0.005,
    "k_cur_sat_10": 0.01,
    "p_gou_10": 0.01,
    "p_f_10": -2.413591925452937e-33,
    "omega_01": 1.0,
    "i_d_01": 1.4465189321059466e-11,
    "i_q_01": -2.999697936521753e-05,
    "p_s_01": -2.9996979365419483e-05,
    "q_s_01": 1.437531545634721e-11,
    "omega_coi": 1.0,
    "p_agc": 0.03053142464122348
}