{
    "delta_08": 0.08344040751584039,
    "xi_p_08": 10.0,
    "xi_q_08": 1.0710549884409826,
    "e_u_08": 126.0,
    "p_ghr_08": 0.5,
    "k_cur_08": 0.5,
    "delta_09": 0.08212074625980598,
    "xi_p_09": 10.0,
    "xi_q_09": 1.068921184123947,
    "e_u_09": 126.0,
    "p_ghr_09": 0.5,
    "k_cur_09": 0.5,
    "delta_10": 0.07275049314337428,
    "xi_p_10": 10.0,
    "xi_q_10": 1.0517592302329803,
    "e_u_10": 126.0,
    "p_ghr_10": 0.5,
    "k_cur_10": 0.5,
    "delta_01": -4.514802068422236e-19,
    "Domega_01": 8.301837023670456e-18,
    "xi_freq": -22.234412605573354,
    "V_01": 0.9999990072330742,
    "theta_01": 2.8085256948484638e-05,
    "V_02": 1.0002187721236158,
    "theta_02": 0.001058163725981729,
    "V_03": 1.0162958394259463,
    "theta_03": 0.0119746470233776,
    "V_04": 1.0241617474614861,
    "theta_04": 0.017163031061376142,
    "V_05": 1.0402289754281897,
    "theta_05": 0.026326269506538005,
    "V_06": 1.0576667847867691,
    "theta_06": 0.037184236669227794,
    "V_07": 1.060204877762353,
    "theta_07": 0.03873233733164243,
    "V_08": 1.0700440285374526,
    "theta_08": 0.039988483764460334,
    "V_09": 1.0679041741346085,
    "theta_09": 0.03849548355881671,
    "V_10": 1.050691757387996,
    "theta_10": 0.027692529547534057,
    "V_11": 1.0241617474614937,
    "theta_11": 0.017163031061339044,
    "V_12": 1.0162958394259463,
    "theta_12": 0.011974647023377414,
    "omega_08": 1.0,
    "e_qv_08": 1.0710549884409826,
    "i_d_08": 0.02020963843886787,
    "i_q_08": 0.4648084778582201,
    "p_s_08": 0.4978354428380499,
    "q_s_08": 1.0278353481214942e-22,
    "p_m_08": 0.4978354428380499,
    "p_t_08": 0.5,
    "p_u_08": -1.3010250338294512e-22,
    "v_u_08": 126.0,
    "k_u_08": 0.005,
    "k_cur_sat_08": 0.5,
    "p_gou_08": 0.5,
    "p_f_08": -4.314316173844418e-23,
    "omega_09": 1.0,
    "e_qv_09": 1.068921184123947,
    "i_d_09": 0.02033050521594123,
    "i_q_09": 0.4657282930561159,
    "p_s_09": 0.4978268353324768,
    "q_s_09": -1.2842183040014666e-23,
    "p_m_09": 0.4978268353324768,
    "p_t_09": 0.5,
    "p_u_09": 2.0780204197751054e-23,
    "v_u_09": 126.0,
    "k_u_09": 0.005,
    "k_cur_sat_09": 0.5,
    "p_gou_09": 0.5,
    "p_f_09": -1.4771549104787823e-24,
    "omega_10": 1.0,
    "e_qv_10": 1.0517592302329803,
    "i_d_10": 0.021338608538069865,
    "i_q_10": 0.47326014149417117,
    "p_s_10": 0.49775569581099277,
    "q_s_10": 1.2864184314204274e-23,
    "p_m_10": 0.49775569581099277,
    "p_t_10": 0.5,
    "p_u_10": 2.3040455637614316e-23,
    "v_u_10": 126.0,
    "k_u_10": 0.005,
    "k_cur_sat_10": 0.5,
    "p_gou_10": 0.5,
    "p_f_10": -6.746117505250569e-24,
    "omega_01": 1.0,
    "i_d_01": 0.009931613161598005,
    "i_q_01": -0.28085229062629113,
    "p_s_01": -0.2808522906262911,
    "q_s_01": 0.009923715496989092,
    "omega_coi": 1.0,
    "p_agc": -22.234412605573354
}