{
    "delta": 1.0060658335899137,
    "omega": 1.0,
    "e1q": 0.8000060773445583,
    "e1d": 0.5052952708251788,
    "v_c": 1.0000001970375763,
    "x_wo": -1.0903356555503798e-22,
    "x_l": 1.1159112217168422e-22,
    "v_d": 0.7992130393142951,
    "v_q": 0.6010545573831134,
    "i_d": 0.658619523557743,
    "i_q": 0.4552209647073684,
    "p_e": 0.8019230782898811,
    "p_m": 0.8019230782898811,
    "q_t": 0.03205271342887818,
    "v_ref": 1.0179454126167438,
    "theta_t": 0.08008554380648909,
    "v_f": 1.7945215579167502,
    "z_wo": 1.1159112217168412e-22,
    "v_pss": 0.0
}