{
    "nu": 25.88619932929271,
    "x_pos": 258861.9932929271,
    "omega_r": 81.91835230788833,
    "snu": 1.0
}