{
    "buses": [
        {
            "N_nodes": 3,
            "U_kV": 20.0,
            "bus": "AC1",
            "deg_an": 0.0,
            "deg_bn": -119.99999999999999,
            "deg_cn": 120.00000000000004,
            "deg_ng": 0.0,
            "p_a": 1.3127419151715003e-09,
            "p_b": -1.5294277027063903e-09,
            "p_c": -1.4650533259440309e-09,
            "pos_x": 0,
            "pos_y": 0,
            "q_a": 1.3127419151715003e-09,
            "q_b": 3.914663088266687e-09,
            "q_c": -8.793703401017297e-11,
            "units": "m",
            "v_ab": 19999.99067499782,
            "v_an": 11547.0,
            "v_bc": 19999.990674997825,
            "v_bn": 11547.0,
            "v_ca": 19999.99067499783,
            "v_cn": 11547.0,
            "v_ng": 0.0
        },
        {
            "N_nodes": 4,
            "U_kV": 0.4,
            "bus": "AC2",
            "deg_an": -29.99999999999997,
            "deg_bn": -149.99999999999997,
            "deg_cn": 90.00000000000003,
            "deg_ng": -26.56505117707799,
            "p_a": 0.0,
            "p_b": -0.0,
            "p_c": 0.0,
            "pos_x": 10,
            "pos_y": 0,
            "q_a": -0.0,
            "q_b": 0.0,
            "q_c": 0.0,
            "units": "m",
            "v_ab": 399.9998134999566,
            "v_an": 230.9400000000002,
            "v_bc": 399.9998134999564,
            "v_bn": 230.93999999999983,
            "v_ca": 399.99981349995676,
            "v_cn": 230.94000000000008,
            "v_ng": 9.930136612989092e-16
        },
        {
            "N_nodes": 4,
            "U_kV": 0.4,
            "bus": "AC3",
            "deg_an": -30.00000000000001,
            "deg_bn": -149.99999999999974,
            "deg_cn": 89.99999999999993,
            "deg_ng": 79.68811502594448,
            "p_a": 0.0,
            "p_b": -0.0,
            "p_c": 0.0,
            "pos_x": 100,
            "pos_y": 0,
            "q_a": -0.0,
            "q_b": 0.0,
            "q_c": 0.0,
            "units": "m",
            "v_ab": 399.99981349995664,
            "v_an": 230.94000000000156,
            "v_bc": 399.999813499956,
            "v_bn": 230.93999999999923,
            "v_ca": 399.99981349995727,
            "v_cn": 230.93999999999946,
            "v_ng": 9.093895052085354e-14
        },
        {
            "N_nodes": 4,
            "U_kV": 0.4,
            "bus": "AC4",
            "deg_an": -29.999999999999996,
            "deg_bn": -149.99999999999974,
            "deg_cn": 89.99999999999991,
            "deg_ng": -35.492731799886236,
            "p_a": 0.0,
            "p_b": -0.0,
            "p_c": 0.0,
            "pos_x": 120,
            "pos_y": 0,
            "q_a": -0.0,
            "q_b": 0.0,
            "q_c": 0.0,
            "units": "m",
            "v_ab": 399.9998134999567,
            "v_an": 230.9400000000016,
            "v_bc": 399.999813499956,
            "v_bn": 230.93999999999917,
            "v_ca": 399.99981349995727,
            "v_cn": 230.93999999999946,
            "v_ng": 1.6709346250434626e-15
        },
        {
            "N_nodes": 4,
            "U_kV": 0.4,
            "bus": "DC2",
            "deg_an": 0.0,
            "deg_bn": 180.0,
            "deg_cn": 180.0,
            "deg_ng": 0.0,
            "p_a": 312913.8104042973,
            "p_b": 0.0,
            "p_c": 0.0,
            "pos_x": 10,
            "pos_y": -50,
            "q_a": 0.0,
            "q_b": 0.0,
            "q_c": 0.0,
            "units": "m",
            "v_ab": 800.0,
            "v_an": 799.9608838611091,
            "v_bc": 0.0,
            "v_bn": 0.03911613889093978,
            "v_ca": 800.0,
            "v_cn": 0.03911613889093978,
            "v_ng": 0.03911613889093978
        },
        {
            "N_nodes": 4,
            "U_kV": 0.4,
            "bus": "DC4",
            "deg_an": 0.0,
            "deg_bn": 180.0,
            "deg_cn": 180.0,
            "deg_ng": 0.0,
            "p_a": -300000.0000088551,
            "p_b": 0.0,
            "p_c": 0.0,
            "pos_x": 100,
            "pos_y": -50,
            "q_a": -0.0,
            "q_b": 0.0,
            "q_c": 0.0,
            "units": "m",
            "v_ab": 783.4929893880235,
            "v_an": 766.946862637156,
            "v_bc": 0.0,
            "v_bn": 16.54612675086753,
            "v_ca": 783.4929893880235,
            "v_cn": 16.54612675086753,
            "v_ng": 16.54612675086753
        }
    ],
    "grid_formers": [
        {
            "bus": "AC1",
            "bus_nodes": [
                1,
                2,
                3
            ],
            "deg": [
                0,
                -120,
                -240
            ],
            "kV": [
                11.547,
                11.547,
                11.547
            ]
        },
        {
            "bus": "DC2",
            "bus_nodes": [
                1,
                2,
                3
            ],
            "deg": [
                0,
                0,
                0
            ],
            "kV": [
                0.8,
                0.0,
                0.0
            ]
        }
    ],
    "line_codes": {
        "UG1": {
            "I_max": 430.0,
            "R": [
                [
                    0.211,
                    0.049,
                    0.049,
                    0.049
                ],
                [
                    0.049,
                    0.211,
                    0.049,
                    0.049
                ],
                [
                    0.049,
                    0.049,
                    0.211,
                    0.049
                ],
                [
                    0.049,
                    0.049,
                    0.049,
                    0.211
                ]
            ],
            "X": [
                [
                    0.747,
                    0.673,
                    0.651,
                    0.673
                ],
                [
                    0.673,
                    0.747,
                    0.673,
                    0.651
                ],
                [
                    0.651,
                    0.673,
                    0.747,
                    0.673
                ],
                [
                    0.673,
                    0.651,
                    0.673,
                    0.747
                ]
            ]
        },
        "UG1dc": {
            "R": [
                [
                    0.211,
                    0.0,
                    0.0,
                    0.0
                ],
                [
                    0.0,
                    0.211,
                    0.0,
                    0.0
                ],
                [
                    0.0,
                    0.0,
                    0.211,
                    0.0
                ],
                [
                    0.0,
                    0.0,
                    0.0,
                    0.211
                ]
            ],
            "X": [
                [
                    0.0,
                    0.0,
                    0.0,
                    0.0
                ],
                [
                    0.0,
                    0.0,
                    0.0,
                    0.0
                ],
                [
                    0.0,
                    0.0,
                    0.0,
                    0.0
                ],
                [
                    0.0,
                    0.0,
                    0.0,
                    0.0
                ]
            ]
        }
    },
    "lines": [
        {
            "bus_j": "AC2",
            "bus_j_nodes": [
                1,
                2,
                3,
                4
            ],
            "bus_k": "AC3",