{
    "v_AC3_a_r": 199.9999067499796,
    "v_AC3_a_i": -115.47000000000072,
    "v_AC3_b_r": -199.99990674997707,
    "v_AC3_b_i": -115.47000000000038,
    "v_AC3_c_r": 2.987263214571101e-13,
    "v_AC3_c_i": 230.93999999999954,
    "v_AC3_n_r": 1.6278645098566358e-14,
    "v_AC3_n_i": 8.94700979969798e-14,
    "v_AC4_a_r": 199.99990674997966,
    "v_AC4_a_i": -115.4700000000008,
    "v_AC4_b_r": -199.99990674997704,
    "v_AC4_b_i": -115.47000000000044,
    "v_AC4_c_r": 3.555628014240142e-13,
    "v_AC4_c_i": 230.93999999999946,
    "v_AC4_n_r": 1.360456886034811e-15,
    "v_AC4_n_i": -9.701441039400294e-16,
    "v_DC4_a_r": 800.0,
    "v_DC4_a_i": 0.0,
    "v_DC4_n_r": 10.0,
    "v_DC4_n_i": 0.0,
    "v_AC2_a_r": 199.9999067499785,
    "v_AC2_a_i": -115.47,
    "v_AC2_b_r": -199.9999067499781,
    "v_AC2_b_i": -115.46999999999996,
    "v_AC2_c_r": -9.50350909079134e-14,
    "v_AC2_c_i": 230.94000000000008,
    "v_AC2_n_r": 8.881784197001252e-16,
    "v_AC2_n_i": -4.440892098500626e-16,
    "v_DC2_n_r": 0.03911613889093978,
    "v_DC2_n_i": 0.0,
    "v_DC4_b_r": 0.0,
    "v_DC4_b_i": 0.0,
    "v_DC4_c_r": 0.0,
    "v_DC4_c_i": 0.0,
    "i_load_AC3_a_r": 0.0,
    "i_load_AC3_a_i": 0.0,
    "i_load_AC3_b_r": 0.0,
    "i_load_AC3_b_i": 0.0,
    "i_load_AC3_c_r": 0.0,
    "i_load_AC3_c_i": 0.0,
    "i_load_AC3_n_r": 0.0,
    "i_load_AC3_n_i": 0.0,
    "i_load_AC4_a_r": 0.0,
    "i_load_AC4_a_i": 0.0,
    "i_load_AC4_b_r": 0.0,
    "i_load_AC4_b_i": 0.0,
    "i_load_AC4_c_r": 0.0,
    "i_load_AC4_c_i": 0.0,
    "i_load_AC4_n_r": 0.0,
    "i_load_AC4_n_i": 0.0
}