{
    "delta_01": 4.891410843082973e-18,
    "omega_01": 1.0,
    "e1q_01": 1.0302921003846812,
    "e1d_01": 0.0004459159188804223,
    "v_c_01": 1.03,
    "xi_v_01": 1031748.8022976705,
    "x_gov_1_01": 0.0004000260093845246,
    "x_gov_2_01": 0.0004000260093845246,
    "xi_imw_01": -1.17430715548535e-16,
    "x_wo_01": 1.6988516617638667e-17,
    "x_lead_01": -4.076755049718848e-18,
    "delta_03": 0.00031315914372848406,
    "xi_p_03": 20.0,
    "xi_q_03": 1.0299846802845471,
    "e_u_03": 125.99986741599557,
    "p_ghr_03": 0.01,
    "k_cur_03": 0.014285714285714287,
    "inc_p_gin_03": 4.420223714140609e-27,
    "xi_freq": 0.400026009384642,
    "V_01": 1.03,
    "theta_01": -0.0006376235553179031,
    "V_02": 1.0299830092846975,
    "theta_02": -0.0006305540811953354,
    "V_03": 1.0299842227796363,
    "theta_03": -0.0006293759106404485,
    "i_d_01": 0.0009711346086595219,
    "i_q_01": 0.0003877529729394977,
    "p_g_01": 0.0004000232757475342,
    "q_g_01": 0.0010000137859579943,
    "v_f_01": 1.0317488022976704,
    "p_m_ref_01": 0.0004000260093845246,
    "p_m_01": 0.0004000260093845246,
    "z_wo_01": -4.076755049718848e-18,
    "v_pss_01": -4.076755005830114e-18,
    "omega_03": 1.0,
    "e_qv_03": 1.0299846802845471,
    "i_d_03": 9.15009618266333e-06,
    "i_q_03": 0.009707960916786685,
    "p_s_03": 0.009999051021091502,
    "q_s_03": -8.021799452302146e-24,
    "p_m_03": 0.009999051021091502,
    "p_t_03": 0.009999993466980616,
    "p_u_03": -6.5330193837610144e-09,
    "v_u_03": 125.99986741599555,
    "k_u_03": 0.005,
    "k_cur_sat_03": 0.014285714285714287,
    "p_gou_03": 0.01,
    "p_f_03": 7.311150802527569e-31,
    "r_lim_03": 0.02,
    "omega_coi": 1.0,
    "p_agc": 0.0040002600938464205,
    "omega_pll_03":1.0
}