{
    "v_INV_1_a_r": -47.60782959196859,
    "v_INV_1_a_i": 238.42373125897183,
    "v_INV_1_b_r": -182.6770933905617,
    "v_INV_1_b_i": -160.44145550874475,
    "v_INV_1_c_r": 230.28492295404862,
    "v_INV_1_c_i": -77.98227582279775,
    "v_INV_2_a_r": -47.31920832394087,
    "v_INV_2_a_i": 238.0703064345856,
    "v_INV_2_b_r": -182.51532914564768,
    "v_INV_2_b_i": -160.0147897455036,
    "v_INV_2_c_r": 229.83453744394862,
    "v_INV_2_c_i": -78.05551675814915,
    "v_INV_3_a_r": -47.02911902314546,
    "v_INV_3_a_i": 237.71611569171722,
    "v_INV_3_b_r": -182.35363561560825,
    "v_INV_3_b_i": -159.58646967268933,
    "v_INV_3_c_r": 229.38275461483073,
    "v_INV_3_c_i": -78.1296460905588,
    "v_INV_4_a_r": -49.407865608273504,
    "v_INV_4_a_i": 240.60195922537352,
    "v_INV_4_b_r": -183.66347616053147,
    "v_INV_4_b_i": -163.0894464209908,
    "v_INV_4_c_r": 233.0713417189476,
    "v_INV_4_c_i": -77.5125129114968,
    "v_INV_5_a_r": -47.54028361655257,
    "v_INV_5_a_i": 238.30216218896783,
    "v_INV_5_b_r": -182.60558447895806,
    "v_INV_5_b_i": -160.32217444690664,
    "v_INV_5_c_r": 230.14586806598473,
    "v_INV_5_c_i": -77.97998782094925,
    "v_INV_6_a_r": -49.45497142637783,
    "v_INV_6_a_i": 240.61756912329142,
    "v_INV_6_b_r": -183.6534418211604,
    "v_INV_6_b_i": -163.13804620598955,
    "v_INV_6_c_r": 233.10841319647295,
    "v_INV_6_c_i": -77.47952302642895,
    "v_INV_7_a_r": -45.61635242136992,
    "v_INV_7_a_i": 235.8296921418476,
    "v_INV_7_b_r": -181.42632818080094,
    "v_INV_7_b_i": -157.41976612162705,
    "v_INV_7_c_r": 227.04268059577817,
    "v_INV_7_c_i": -78.4099260654995,
    "v_INV_8_a_r": -47.239442618332134,
    "v_INV_8_a_i": 237.84509107367822,
    "v_INV_8_b_r": -182.36016976856934,
    "v_INV_8_b_i": -159.83310293426746,
    "v_INV_8_c_r": 229.5996123663753,
    "v_INV_8_c_i": -78.0119882005607,
    "v_INV_9_a_r": -47.43392973991245,
    "v_INV_9_a_i": 238.1103341518298,
    "v_INV_9_b_r": -182.49263345893044,
    "v_INV_9_b_i": -160.13415526592206,
    "v_INV_9_c_r": 229.92656317274012,
    "v_INV_9_c_i": -77.97617895712224,
    "v_INV_10_a_r": -48.34916383462433,
    "v_INV_10_a_i": 239.22583059842472,
    "v_INV_10_b_r": -183.00106468119412,
    "v_INV_10_b_i": -161.48451946871722,
    "v_INV_10_c_r": 231.3502284803493,
    "v_INV_10_c_i": -77.74131121293158,
    "v_INV_11_a_r": -48.12634064991532,
    "v_INV_11_a_i": 238.9260104301743,
    "v_INV_11_b_r": -182.85282438716166,
    "v_INV_11_b_i": -161.14163884420773,
    "v_INV_11_c_r": 230.9791650054266,
    "v_INV_11_c_i": -77.78437166359294,
    "v_INV_12_a_r": -47.21455759436829,
    "v_INV_12_a_i": 237.81128979446095,
    "v_INV_12_b_r": -182.3433395177379,
    "v_INV_12_b_i": -159.7946512347051,
    "v_INV_12_c_r": 229.55789708946202,
    "v_INV_12_c_i": -78.01663862613796,
    "v_INV_13_a_r": -45.80891471737298,
    "v_INV_13_a_i": 236.01923563997096,
    "v_INV_13_b_r": -181.4941965168333,
    "v_INV_13_b_i": -157.68130170962777,
    "v_INV_13_c_r": 227.30311122724245,
    "v_INV_13_c_i": -78.33793397451086,
    "v_POIhv_a_r": 32600.752025656275,
    "v_POIhv_a_i": 21317.26799985718,
    "v_POIhv_b_r": -34761.671640291555,
    "v_POIhv_b_i": 17574.445436011694,
    "v_POIhv_c_r": 2160.919614635272,
    "v_POIhv_c_i": -38891.713435868885,
    "v_POImv_a_r": 4531.690935661227,
    "v_POImv_a_i": 10923.901644287098,
    "v_POImv_b_r": -11726.221800568328,
    "v_POImv_b_i": -1537.391350189003,
    "v_POImv_c_r": 7194.53086490759,
    "v_POImv_c_i": -9386.510294097527,
    "v_TR_1_2_mv_a_r": 4528.93681227921,
    "v_TR_1_2_mv_a_i": 10927.969458142945,
    "v_TR_1_2_mv_b_r": -11728.3675690157,
    "v_TR_1_2_mv_b_i": -1541.8103979317148,
    "v_TR_1_2_mv_c_r": 7199.430756737001,
    "v_TR_1_2_mv_c_i": -9386.15906021067,
    "v_TR_1_2_lv_a_r": -44.18388049562129,
    "v_TR_1_2_lv_a_i": 234.14714043300563,
    "v_TR_1_2_lv_b_r": -180.68543161328262,
    "v_TR_1_2_lv_b_i": -155.3379331905474,
    "v_TR_1_2_lv_c_r": 224.86931211432196,
    "v_TR_1_2_lv_c_i": -78.80920728093245,
    "v_TR_3_4_mv_a_r": 4527.241911982049,
    "v_TR_3_4_mv_a_i": 10930.474874793235,
    "v_TR_3_4_mv_b_r": -11729.689873334155,
    "v_TR_3_4_mv_b_i": -1544.5309329715544,
    "v_TR_3_4_mv_c_r": 7202.447961352627,
    "v_TR_3_4_mv_c_i": -9385.943941821126,
    "v_TR_3_4_lv_a_r": -44.18070259883584,
    "v_TR_3_4_lv_a_i": 234.14545799272273,
    "v_TR_3_4_lv_b_r": -180.68556352710095,
    "v_TR_3_4_lv_b_i": -155.3343398343564,
    "v_TR_3_4_lv_c_r": 224.86626613280694,
    "v_TR_3_4_lv_c_i": -78.81111820110029,
    "v_TR_5_6_mv_a_r": 4525.037699163774,
    "v_TR_5_6_mv_a_i": 10933.67647678551,
    "v_TR_5_6_mv_b_r": -11731.360435584831,
    "v_TR_5_6_mv_b_i": -1548.0406382649576,
    "v_TR_5_6_mv_c_r": 7206.322736421546,
    "v_TR_5_6_mv_c_i": -9385.63583851996,
    "v_TR_5_6_lv_a_r": -44.23128939564639,
    "v_TR_5_6_lv_a_i": 234.16767681087902,
    "v_TR_5_6_lv_b_r": -180.67951219013136,
    "v_TR_5_6_lv_b_i": -155.3892586954655,
    "v_TR_5_6_lv_c_r": 224.9108015929046,
    "v_TR_5_6_lv_c_i": -78.77841815928787,
    "v_TR_7_8_mv_a_r": 4526.493378803079,
    "v_TR_7_8_mv_a_i": 10932.9042841773,
    "v_TR_7_8_mv_b_r": -11731.41953698805,
    "v_TR_7_8_mv_b_i": -1546.3938864122208,
    "v_TR_7_8_mv_c_r": 7204.9261581855,
    "v_TR_7_8_mv_c_i": -9386.510397764525,
    "v_TR_7_8_lv_a_r": -44.36458788091463,
    "v_TR_7_8_lv_a_i": 234.24681221059384,
    "v_TR_7_8_lv_b_r": -180.68139621039774,
    "v_TR_7_8_lv_b_i": -155.54426626259942,
    "v_TR_7_8_lv_c_r": 225.04598409616221,
    "v_TR_7_8_lv_c_i": -78.70254598265493,
    "v_TR_9_10_mv_a_r": 4524.174138526224,
    "v_TR_9_10_mv_a_i": 10934.942753898837,
    "v_TR_9_10_mv_b_r": -11732.025283414889,
    "v_TR_9_10_mv_b_i": -1549.421642271741,
    "v_TR_9_10_mv_c_r": 7207.851144889154,
    "v_TR_9_10_mv_c_i": -9385.52111162649,
    "v_TR_9_10_lv_a_r": -44.308332080543536,
    "v_TR_9_10_lv_a_i": 234.20280050614792,
    "v_TR_9_10_lv_b_r": -180.67140885872737,
    "v_TR_9_10_lv_b_i": -155.47354146240585,
    "v_TR_9_10_lv_c_r": 224.97974094518656,
    "v_TR_9_10_lv_c_i": -78.72925908375794,
    "v_TR_11_12_mv_a_r": 4523.31482621995,
    "v_TR_11_12_mv_a_i": 10937.663654887398,
    "v_TR_11_12_mv_b_r": -11733.951996639988,
    "v_TR_11_12_mv_b_i": -1551.5262790533102,
    "v_TR_11_12_mv_c_r": 7210.63717042053,
    "v_TR_11_12_mv_c_i": -9386.137375833494,
    "v_TR_11_12_lv_a_r": -44.36917333367343,
    "v_TR_11_12_lv_a_i": 234.2493612313292,
    "v_TR_11_12_lv_b_r": -180.681311002521,
    "v_TR_11_12_lv_b_i": -155.549511894872,
    "v_TR_11_12_lv_c_r": 225.05048434187424,
    "v_TR_11_12_lv_c_i": -78.69984937528142,
    "v_TR_13_mv_a_r": 4525.927679813928,
    "v_TR_13_mv_a_i": 10934.755567737819,
    "v_TR_13_mv_b_r": -11732.739946086875,
    "v_TR_13_mv_b_i": -1547.8094378879955,
    "v_TR_13_mv_c_r": 7206.812266273492,
    "v_TR_13_mv_c_i": -9386.946129849253,
    "v_TR_13_lv_a_r": -44.44486467642569,
    "v_TR_13_lv_a_i": 234.29662225766043,
    "v_TR_13_lv_b_r": -180.68439457793278,
    "v_TR_13_lv_b_i": -155.63869302887122,
    "v_TR_13_lv_c_r": 225.129259258886,
    "v_TR_13_lv_c_i": -78.6579292615796,
    "i_INV_1_a_r": -268.4594153211507,
    "i_INV_1_a_i": 1344.4658524662195,
    "i_INV_1_b_r": -1030.1118776687028,
    "i_INV_1_b_i": -904.7255989243312,
    "i_INV_1_c_r": 1298.571289170488,
    "i_INV_1_c_i": -439.74025476639423,
    "p_INV_1_a": 333333.3353046127,
    "p_INV_1_b": 333333.3353046127,
    "p_INV_1_c": 333333.3353046127,
    "q_INV_1_a": 0.006069152121199295,
    "q_INV_1_b": 0.006069152121199295,
    "q_INV_1_c": 0.006069152121199295,
    "v_m_INV_1": 1.0,
    "v_m_TR_1_2_mv": 1.0,
    "xi_v_INV_1": 0.0,
    "q_ref_INV_1": 0.0,
    "i_INV_2_a_r": -267.7186733151304,
    "i_INV_2_a_i": 1346.934459285522,
    "i_INV_2_b_r": -1032.6201248397272,
    "i_INV_2_b_i": -905.3184009336738,
    "i_INV_2_c_r": 1300.3387943584567,
    "i_INV_2_c_i": -441.6160595254149,
    "p_INV_2_a": 333333.3352488821,