{
    "v_R01_a_r": 389.8481008958138,
    "v_R01_a_i": 0.0,
    "v_R01_b_r": 1.414100318299876e-14,
    "v_R01_b_i": -230.94010767585033,
    "v_R01_c_r": -200.00000000000006,
    "v_R01_c_i": 115.4700538379251,
    "v_R01_n_r": -0.10316548477203469,
    "v_R01_n_i": 0.4770092409198696,
    "v_R11_a_r": 389.8481008958138,
    "v_R11_a_i": 0.0,
    "v_R11_b_r": 1.414100318299876e-14,
    "v_R11_b_i": -230.94010767585033,
    "v_R11_c_r": -200.00000000000006,
    "v_R11_c_i": 115.4700538379251,
    "v_R11_n_r": 0.010208564577624202,
    "v_R11_n_i": -0.05598363854733179,
    "v_R15_a_r": 389.8481008958138,
    "v_R15_a_i": 0.0,
    "v_R15_b_r": 1.414100318299876e-14,
    "v_R15_b_i": -230.94010767585033,
    "v_R15_c_r": -200.00000000000006,
    "v_R15_c_i": 115.4700538379251,
    "v_R15_n_r": 0.1471493661592831,
    "v_R15_n_i": -0.6097678588193958,
    "v_R16_a_r": 389.8481008958138,
    "v_R16_a_i": 0.0,
    "v_R16_b_r": 1.414100318299876e-14,
    "v_R16_b_i": -230.94010767585033,
    "v_R16_c_r": -200.00000000000006,
    "v_R16_c_i": 115.4700538379251,
    "v_R16_n_r": 0.15041959777954617,
    "v_R16_n_i": -0.6967202355044719,
    "v_R17_a_r": 389.8481008958138,
    "v_R17_a_i": 0.0,
    "v_R17_b_r": 1.414100318299876e-14,
    "v_R17_b_i": -230.94010767585033,
    "v_R17_c_r": -200.00000000000006,
    "v_R17_c_i": 115.4700538379251,
    "v_R17_n_r": 0.2118056485778652,
    "v_R17_n_i": -0.9869483484253578,
    "v_R18_a_r": 389.8481008958138,
    "v_R18_a_i": 0.0,
    "v_R18_b_r": 1.414100318299876e-14,
    "v_R18_b_i": -230.94010767585033,
    "v_R18_c_r": -200.00000000000006,
    "v_R18_c_i": 115.4700538379251,
    "v_R18_n_r": 0.23077112855025916,
    "v_R18_n_i": -1.066584144398803,
    "v_I02_a_r": 389.8481008958138,
    "v_I02_a_i": 0.0,
    "v_I02_b_r": 1.414100318299876e-14,
    "v_I02_b_i": -230.94010767585033,
    "v_I02_c_r": -200.00000000000006,
    "v_I02_c_i": 115.4700538379251,
    "v_I02_n_r": 0.10063775366688787,
    "v_I02_n_i": -0.8963917800720083,
    "v_C01_a_r": 389.8481008958138,
    "v_C01_a_i": 0.0,
    "v_C01_b_r": 1.414100318299876e-14,
    "v_C01_b_i": -230.94010767585033,
    "v_C01_c_r": -200.00000000000006,
    "v_C01_c_i": 115.4700538379251,
    "v_C01_n_r": -0.5863455796406924,
    "v_C01_n_i": 0.08755970721176709,
    "v_C12_a_r": 389.8481008958138,
    "v_C12_a_i": 0.0,
    "v_C12_b_r": 1.414100318299876e-14,
    "v_C12_b_i": -230.94010767585033,
    "v_C12_c_r": -200.00000000000006,
    "v_C12_c_i": 115.4700538379251,
    "v_C12_n_r": 0.5621328825709497,
    "v_C12_n_i": -0.0969926635389129,
    "v_C13_a_r": 389.8481008958138,
    "v_C13_a_i": 0.0,
    "v_C13_b_r": 1.414100318299876e-14,
    "v_C13_b_i": -230.94010767585033,
    "v_C13_c_r": -200.00000000000006,
    "v_C13_c_i": 115.4700538379251,
    "v_C13_n_r": 0.5621328825709497,
    "v_C13_n_i": -0.0969926635389129,
    "v_C14_a_r": 389.8481008958138,
    "v_C14_a_i": 0.0,
    "v_C14_b_r": 1.414100318299876e-14,
    "v_C14_b_i": -230.94010767585033,
    "v_C14_c_r": -200.00000000000006,
    "v_C14_c_i": 115.4700538379251,
    "v_C14_n_r": 0.4479576050398464,
    "v_C14_n_i": -0.07317483569750038,
    "v_C17_a_r": 389.8481008958138,
    "v_C17_a_i": 0.0,
    "v_C17_b_r": 1.414100318299876e-14,
    "v_C17_b_i": -230.94010767585033,
    "v_C17_c_r": -200.00000000000006,
    "v_C17_c_i": 115.4700538379251,
    "v_C17_n_r": 0.7900513944223349,
    "v_C17_n_i": -0.14010289438192558,
    "v_C18_a_r": 389.8481008958138,
    "v_C18_a_i": 0.0,
    "v_C18_b_r": 1.414100318299876e-14,
    "v_C18_b_i": -230.94010767585033,
    "v_C18_c_r": -200.00000000000006,
    "v_C18_c_i": 115.4700538379251,
    "v_C18_n_r": 0.6445841377044417,
    "v_C18_n_i": -0.10052952586738684,
    "v_C19_a_r": 389.8481008958138,
    "v_C19_a_i": 0.0,
    "v_C19_b_r": 1.414100318299876e-14,
    "v_C19_b_i": -230.94010767585033,
    "v_C19_c_r": -200.00000000000006,
    "v_C19_c_i": 115.4700538379251,
    "v_C19_n_r": 0.7777120379214466,
    "v_C19_n_i": -0.11031475952950132,
    "v_C20_a_r": 389.8481008958138,
    "v_C20_a_i": 0.0,
    "v_C20_b_r": 1.414100318299876e-14,
    "v_C20_b_i": -230.94010767585033,
    "v_C20_c_r": -200.00000000000006,
    "v_C20_c_i": 115.4700538379251,
    "v_C20_n_r": 0.7738117230874195,
    "v_C20_n_i": -0.1060335635975207,
    "v_I01_a_r": 389.8481008958138,
    "v_I01_a_i": 0.0,
    "v_I01_b_r": 1.414100318299876e-14,
    "v_I01_b_i": -230.94010767585033,
    "v_I01_c_r": -200.00000000000006,
    "v_I01_c_i": 115.4700538379251,
    "v_I01_n_r": -0.007547831528427196,
    "v_I01_n_i": 0.06722938350503682,
    "v_R02_a_r": 389.8481008958138,
    "v_R02_a_i": 0.0,
    "v_R02_b_r": 1.414100318299876e-14,
    "v_R02_b_i": -230.94010767585033,
    "v_R02_c_r": -200.00000000000006,
    "v_R02_c_i": 115.4700538379251,
    "v_R02_n_r": -0.04857501861624769,
    "v_R02_n_i": 0.2204958334514231,
    "v_R03_a_r": 389.8481008958138,
    "v_R03_a_i": 0.0,
    "v_R03_b_r": 1.414100318299876e-14,
    "v_R03_b_i": -230.94010767585033,
    "v_R03_c_r": -200.00000000000006,
    "v_R03_c_i": 115.4700538379251,
    "v_R03_n_r": 0.005862357789737871,
    "v_R03_n_i": -0.03600861483209883,
    "v_R04_a_r": 389.8481008958138,
    "v_R04_a_i": 0.0,
    "v_R04_b_r": 1.414100318299876e-14,
    "v_R04_b_i": -230.94010767585033,
    "v_R04_c_r": -200.00000000000006,
    "v_R04_c_i": 115.4700538379251,
    "v_R04_n_r": 0.056858961146645015,
    "v_R04_n_i": -0.2749238126889395,
    "v_R05_a_r": 389.8481008958138,
    "v_R05_a_i": 0.0,
    "v_R05_b_r": 1.414100318299876e-14,
    "v_R05_b_i": -230.94010767585033,
    "v_R05_c_r": -200.00000000000006,
    "v_R05_c_i": 115.4700538379251,
    "v_R05_n_r": 0.09354696566151688,
    "v_R05_n_i": -0.44806544941093307,
    "v_R06_a_r": 389.8481008958138,
    "v_R06_a_i": 0.0,
    "v_R06_b_r": 1.414100318299876e-14,
    "v_R06_b_i": -230.94010767585033,
    "v_R06_c_r": -200.00000000000006,
    "v_R06_c_i": 115.4700538379251,
    "v_R06_n_r": 0.13023497018730268,
    "v_R06_n_i": -0.6212070861183747,
    "v_R07_a_r": 389.8481008958138,
    "v_R07_a_i": 0.0,
    "v_R07_b_r": 1.414100318299876e-14,
    "v_R07_b_i": -230.94010767585033,
    "v_R07_c_r": -200.00000000000006,
    "v_R07_c_i": 115.4700538379251,
    "v_R07_n_r": 0.15243849895705353,
    "v_R07_n_i": -0.7259459194283409,
    "v_R08_a_r": 389.8481008958138,
    "v_R08_a_i": 0.0,
    "v_R08_b_r": 1.414100318299876e-14,
    "v_R08_b_i": -230.94010767585033,
    "v_R08_c_r": -200.00000000000006,
    "v_R08_c_i": 115.4700538379251,
    "v_R08_n_r": 0.17464202769406256,
    "v_R08_n_i": -0.830684752734669,
    "v_R09_a_r": 389.8481008958138,
    "v_R09_a_i": 0.0,
    "v_R09_b_r": 1.414100318299876e-14,
    "v_R09_b_i": -230.94010767585033,
    "v_R09_c_r": -200.00000000000006,
    "v_R09_c_i": 115.4700538379251,
    "v_R09_n_r": 0.19742075606336584,
    "v_R09_n_i": -0.9354628008295549,
    "v_R10_a_r": 389.8481008958138,
    "v_R10_a_i": 0.0,
    "v_R10_b_r": 1.414100318299876e-14,
    "v_R10_b_i": -230.94010767585033,
    "v_R10_c_r": -200.00000000000006,
    "v_R10_c_i": 115.4700538379251,
    "v_R10_n_r": 0.21040612824072014,
    "v_R10_n_i": -0.995719388116413,
    "v_R12_a_r": 389.8481008958138,
    "v_R12_a_i": 0.0,
    "v_R12_b_r": 1.414100318299876e-14,
    "v_R12_b_i": -230.94010767585033,
    "v_R12_c_r": -200.00000000000006,
    "v_R12_c_i": 115.4700538379251,
    "v_R12_n_r": 0.07923869172736886,
    "v_R12_n_i": -0.3585017972654896,
    "v_R13_a_r": 389.8481008958138,
    "v_R13_a_i": 0.0,
    "v_R13_b_r": 1.414100318299876e-14,
    "v_R13_b_i": -230.94010767585033,
    "v_R13_c_r": -200.00000000000006,
    "v_R13_c_i": 115.4700538379251,
    "v_R13_n_r": 0.10161842231900664,
    "v_R13_n_i": -0.4420797818493156,
    "v_R14_a_r": 389.8481008958138,
    "v_R14_a_i": 0.0,
    "v_R14_b_r": 1.414100318299876e-14,
    "v_R14_b_i": -230.94010767585033,
    "v_R14_c_r": -200.00000000000006,
    "v_R14_c_i": 115.4700538379251,
    "v_R14_n_r": 0.12438389423186891,