{
    "phi_A1": -3.7937286114473445e-09,
    "xi_p_A1": -3.2203325295090054e-15,
    "xi_q_A1": -7.628550140263793e-06,
    "p_ef_A1": -4.0005605877555956e-08,
    "p_cf_A1": 0.0,
    "De_ao_m_A1": -7.628557768813933e-08,
    "De_bo_m_A1": -7.628557768813933e-08,
    "De_co_m_A1": -7.628557768813933e-08,
    "De_no_m_A1": 0.0,
    "soc_A1": 0.49999999999599953,
    "xi_soc_A1": 4.000487017308792e-06,
    "xi_freq": 3.2038883146136755e-14,
    "V_A1_0_r": 230.94010765497518,
    "V_A1_0_i": -1.0437274389726648e-08,
    "V_A1_1_r": -115.47005383646732,
    "V_A1_1_i": -199.9999999792257,
    "V_A1_2_r": -115.47005382070925,
    "V_A1_2_i": 199.999999990855,
    "V_A1_3_r": 2.1973730773197316e-09,
    "V_A1_3_i": -1.1905658416903808e-09,
    "V_A2_0_r": 230.94010767585203,
    "V_A2_0_i": -5.770832593427014e-10,
    "V_A2_1_r": -115.47005383842557,
    "V_A2_1_i": -199.99999999971124,
    "V_A2_2_r": -115.47005383742447,
    "V_A2_2_i": 200.00000000028737,
    "V_A2_3_r": -2.0349492423014756e-12,
    "V_A2_3_i": 8.791214747459803e-13,
    "i_vsc_A1_a_r": -5.770832593427013e-06,
    "i_vsc_A1_b_r": 2.8879931546722063e-06,
    "i_vsc_A1_c_r": 2.874083928607109e-06,
    "i_vsc_A1_n_r": 8.791214747459803e-09,
    "v_A1_o_r": 2.5033598249285417e-10,
    "i_vsc_A1_a_i": -1.6987977013264075e-08,
    "i_vsc_A1_b_i": 5.004602365841095e-06,
    "i_vsc_A1_c_i": -5.007880316908015e-06,
    "i_vsc_A1_n_i": 2.0349492423014756e-08,
    "v_A1_o_i": -1.0794944271425295e-10,
    "p_dc_A1": 1.4401624044386227e-09,
    "omega_A1": 0.9999999999999968,
    "p_m_A1": -4.0005605877555956e-08,
    "v_ta_r_A1": 230.94010759786596,
    "v_tb_r_A1": -115.47005405806783,
    "v_tc_r_A1": -115.47005354182474,
    "v_ta_i_A1": -2.990408343884957e-07,
    "v_tb_i_A1": -199.99999978467204,
    "v_tc_i_A1": 200.00000008458838,
    "i_vsc_A2_a_r": 5.770832593427013e-06,
    "i_vsc_A2_b_r": -2.8879931546722063e-06,
    "i_vsc_A2_c_r": -2.874083928607109e-06,
    "i_vsc_A2_n_r": -8.791214747459803e-09,
    "i_vsc_A2_a_i": 1.6987977013264075e-08,
    "i_vsc_A2_b_i": -5.004602365841095e-06,
    "i_vsc_A2_c_i": 5.007880316908015e-06,
    "i_vsc_A2_n_i": -2.0349492423014756e-08,
    "v_dc_A1": 689.9999999998665,
    "p_soc_A1": -4.0005670270491384e-08,
    "omega_coi": 0.9999999999999968,
    "p_agc": 0.0
}