{
    "V_D1_0_r": 400.00000000000006,
    "V_D1_0_i": -230.9401076758503,
    "V_D1_1_r": -399.99999999999994,
    "V_D1_1_i": -230.94010767585047,
    "V_D1_2_r": 2.828200636599752e-14,
    "V_D1_2_i": 461.88021535170066,
    "V_D1_3_r": 0.0,
    "V_D1_3_i": 0.0,
    "V_D2_0_r": 400.00000000000006,
    "V_D2_0_i": -230.9401076758503,
    "V_D2_1_r": -399.99999999999994,
    "V_D2_1_i": -230.94010767585047,
    "V_D2_2_r": 2.828200636599752e-14,
    "V_D2_2_i": 461.88021535170066,
    "V_D2_3_r": 0.0,
    "V_D2_3_i": 0.0,
    "v_bat_D1": 600,
    "soc_D1": 0.5,
    "xi_soc_D1": 0.5,
    "omega_coi": 1.0
}