{
    "V_A1_0_r": 200.00000000000003,
    "V_A1_0_i": -115.47005383792515,
    "V_A1_1_r": -199.99999999999997,
    "V_A1_1_i": -115.47005383792524,
    "V_A1_2_r": 1.414100318299876e-14,
    "V_A1_2_i": 230.94010767585033,
    "V_A1_3_r": 0.0,
    "V_A1_3_i": 0.0,
    "V_A2_0_r": 200.00000000000003,
    "V_A2_0_i": -115.47005383792515,
    "V_A2_1_r": -199.99999999999997,
    "V_A2_1_i": -115.47005383792524,
    "V_A2_2_r": 1.414100318299876e-14,
    "V_A2_2_i": 230.94010767585033,
    "V_A2_3_r": 0.0,
    "V_A2_3_i": 0.0,
    "omega": 1.0,
    "omega_A1": 1.0,
    "m_a_A1": 0.75,
    "m_b_A1": 0.75,
    "m_c_A1": 0.75,
    "phi_a_A1": 0.0,
    "phi_b_A1": -2.0943951023931953,
    "phi_c_A1": -4.1887902047863905,
    "q_h2_A1": 1.0,
    "p_h2_A1": 1.0,
    "p_h2o_A1": 1.0,
    "p_o2_A1": 1.0,
    "v_fc_dc_A1": 500.0,
    "v_dc_A1": 800.0,
    "omega_coi": 1.0
}