{
    "v_R1_a_r": 168.8911799508969,
    "v_R1_a_i": -98.08580527467711,
    "v_R1_b_r": -208.54721496535421,
    "v_R1_b_i": -94.6217768983006,
    "v_R1_c_r": -5.5291279950979515,
    "v_R1_c_i": 245.85505906564867,
    "v_R1_n_r": -8.750975031918642,
    "v_R1_n_i": 17.010367502352892,
    "v_R11_a_r": 157.60843637227663,
    "v_R11_a_i": -81.42979754937915,
    "v_R11_n_r": 1.901009101053205,
    "v_R11_n_i": 0.16206665424397215,
    "v_R15_a_r": 149.24054250587506,
    "v_R15_a_i": -31.09658937254426,
    "v_R15_n_r": 9.567630137978995,
    "v_R15_n_i": -50.126324225559074,
    "v_R16_a_r": 143.87543355959133,
    "v_R16_a_i": -57.72086110683813,
    "v_R16_n_r": 14.851455591848207,
    "v_R16_n_i": -23.810173244513862,
    "v_R17_a_r": 139.89353824695718,
    "v_R17_a_i": -50.84367304485568,
    "v_R17_n_r": 18.378093284492934,
    "v_R17_n_i": -30.85855166051988,
    "v_R18_a_r": 138.77668974197877,
    "v_R18_a_i": -46.50464468253631,
    "v_R18_n_r": 19.403740528148774,
    "v_R18_n_i": -35.22803182831922,
    "v_D15_a_r": 104.42759262830845,
    "v_D15_a_i": 0.0,
    "v_D15_n_r": -108.46604446855365,
    "v_D15_n_i": 0.0,
    "v_D11_a_r": 67.58314111200045,
    "v_D11_a_i": 0.0,
    "v_D11_n_r": -71.6215929522456,
    "v_D11_n_i": 0.0,
    "v_D16_a_r": 114.00037319437945,
    "v_D16_a_i": 0.0,
    "v_D16_n_r": -118.03882503462461,
    "v_D16_n_i": 0.0,
    "v_D17_a_r": 140.0056238659671,
    "v_D17_a_i": 0.0,
    "v_D17_n_r": -144.04407570621225,
    "v_D17_n_i": 0.0,
    "v_D18_a_r": 143.6973960966158,
    "v_D18_a_i": 0.0,
    "v_D18_n_r": -147.73584793686098,
    "v_D18_n_i": 0.0,
    "v_R2_a_r": 163.89815748740875,
    "v_R2_a_i": -90.68157539516324,
    "v_R2_b_r": -209.76911502189614,
    "v_R2_b_i": -94.84091166392318,
    "v_R2_c_r": -4.579986696713604,
    "v_R2_c_i": 245.9584689571202,
    "v_R2_n_r": -4.066302281011303,
    "v_R2_n_i": 9.512761251247866,
    "v_R3_a_r": 158.8993588539597,
    "v_R3_a_i": -83.27933219978877,
    "v_R3_b_r": -210.99660812775983,
    "v_R3_b_i": -95.061954837347,
    "v_R3_c_r": -3.6366215682901384,
    "v_R3_c_i": 246.05989216448506,
    "v_R3_n_r": 0.6114019502783776,
    "v_R3_n_i": 2.014253456862207,
    "v_R4_a_r": 154.29444742982378,
    "v_R4_a_i": -76.1618677064398,
    "v_R4_b_r": -212.17177166490728,
    "v_R4_b_i": -95.25232402109759,
    "v_R4_c_r": -2.7456107513098686,
    "v_R4_c_i": 246.1328575984371,
    "v_R4_n_r": 4.895450083964533,
    "v_R4_n_i": -5.197076761534845,
    "v_R5_a_r": 150.78526269436406,
    "v_R5_a_i": -71.24584072231664,
    "v_R5_b_r": -212.9966794832435,
    "v_R5_b_i": -95.42984617090406,
    "v_R5_c_r": -2.1068778101034695,
    "v_R5_c_i": 246.210965921171,
    "v_R5_n_r": 8.191790473942092,
    "v_R5_n_i": -10.198920144604926,
    "v_R6_a_r": 147.27607795888616,
    "v_R6_a_i": -66.32981373819348,
    "v_R6_b_r": -213.82158730157607,
    "v_R6_b_i": -95.60736832069597,
    "v_R6_c_r": -1.4681448689007084,
    "v_R6_c_i": 246.2890742439413,
    "v_R6_n_r": 11.48813086390146,
    "v_R6_n_i": -15.200763527678646,
    "v_R7_a_r": 145.30687500925342,
    "v_R7_a_i": -63.16910382750211,
    "v_R7_b_r": -214.34656407795046,
    "v_R7_b_i": -95.69203821321207,
    "v_R7_c_r": -1.0818901798884326,
    "v_R7_c_i": 246.3014995324811,
    "v_R7_n_r": 13.298952812870994,
    "v_R7_n_i": -18.42343788927974,
    "v_R8_a_r": 143.3376720596243,
    "v_R8_a_i": -60.00839391680711,
    "v_R8_b_r": -214.87154085429574,
    "v_R8_b_i": -95.77670810572818,
    "v_R8_c_r": -0.6956354908797948,
    "v_R8_c_i": 246.3139248210282,
    "v_R8_n_r": 15.109774761844164,
    "v_R8_n_i": -21.64611225086992,
    "v_R9_a_r": 141.3818637959339,
    "v_R9_a_i": -56.83971431455211,
    "v_R9_b_r": -215.38353963236295,
    "v_R9_b_i": -95.85369916986019,
    "v_R9_c_r": -0.2959861159179127,
    "v_R9_c_i": 246.334319801128,
    "v_R9_n_r": 16.93753479310908,
    "v_R9_n_i": -24.86290689940506,
    "v_R10_a_r": 140.28995636717445,
    "v_R10_a_i": -54.96788422913232,
    "v_R10_b_r": -215.68702790118914,
    "v_R10_b_i": -95.89365583487597,
    "v_R10_c_r": -0.06752169663013774,
    "v_R10_c_i": 246.3363252824056,
    "v_R10_n_r": 17.943916756117687,
    "v_R10_n_i": -26.767037570709363,
    "v_R11_b_r": -211.04893117331085,
    "v_R11_b_i": -95.09270534263851,
    "v_R11_c_r": -3.584260733681731,
    "v_R11_c_i": 246.08827342228687,
    "v_R12_a_r": 153.02212041680468,
    "v_R12_a_i": -64.89722244823497,
    "v_R12_b_r": -212.5219874286813,
    "v_R12_b_i": -95.2632804785062,
    "v_R12_c_r": -2.4931928767837235,
    "v_R12_c_i": 246.1296995235898,
    "v_R12_n_r": 6.051109173360601,
    "v_R12_n_i": -16.421366814414796,
    "v_R13_a_r": 151.74979340378923,
    "v_R13_a_i": -53.63257719002286,
    "v_R13_b_r": -212.87220319243352,
    "v_R13_b_i": -95.27423693588935,
    "v_R13_c_r": -2.2407750022466644,
    "v_R13_c_i": 246.1265414487607,
    "v_R13_n_r": 7.206768262756668,
    "v_R13_n_i": -27.6456568673093,
    "v_R14_a_r": 150.49516795483578,
    "v_R14_a_i": -42.36458328129447,
    "v_R14_b_r": -213.20524957103407,
    "v_R14_b_i": -95.28198347304715,
    "v_R14_c_r": -1.9706555636439589,
    "v_R14_c_i": 246.12673202445512,
    "v_R14_n_r": 8.387199200358737,
    "v_R14_n_i": -38.88599054643055,
    "v_R15_b_r": -213.53829594963463,
    "v_R15_b_i": -95.28973001018676,
    "v_R15_c_r": -1.7005361250558053,
    "v_R15_c_i": 246.1269226001641,
    "v_R16_b_r": -214.07164854124494,
    "v_R16_b_i": -95.68241789318563,
    "v_R16_c_r": -1.2444616152133676,
    "v_R16_c_i": 246.3501016183036,
    "v_R17_b_r": -215.5633275460532,
    "v_R17_b_i": -95.88607698474152,
    "v_R17_c_r": -0.15032077396608656,
    "v_R17_c_i": 246.34944818448275,
    "v_R18_b_r": -215.93464762507574,
    "v_R18_b_i": -95.92079640522934,
    "v_R18_c_r": 0.14125968255029875,
    "v_R18_c_i": 246.34544834064218,
    "v_D1_n_r": -4.038451840245169,
    "v_D1_n_i": 0.0,
    "v_D3_a_r": 59.64793368042117,
    "v_D3_a_i": 0.0,
    "v_D3_b_r": 0.0,
    "v_D3_b_i": 0.0,
    "v_D3_c_r": 0.0,
    "v_D3_c_i": 0.0,
    "v_D3_n_r": -63.68638552066633,
    "v_D3_n_i": 0.0,
    "v_D4_a_r": 80.2141585171226,
    "v_D4_a_i": 0.0,
    "v_D4_b_r": 0.0,
    "v_D4_b_i": 0.0,
    "v_D4_c_r": 0.0,
    "v_D4_c_i": 0.0,
    "v_D4_n_r": -84.25261035736774,
    "v_D4_n_i": 0.0,
    "v_D6_a_r": 109.23989113493252,
    "v_D6_a_i": 0.0,
    "v_D6_b_r": 0.0,
    "v_D6_b_i": 0.0,
    "v_D6_c_r": 0.0,
    "v_D6_c_i": 0.0,
    "v_D6_n_r": -113.27834297517768,
    "v_D6_n_i": 0.0,
    "v_D9_a_r": 136.11680285358318,
    "v_D9_a_i": 0.0,
    "v_D9_b_r": 0.0,
    "v_D9_b_i": 0.0,
    "v_D9_c_r": 0.0,
    "v_D9_c_i": 0.0,
    "v_D9_n_r": -140.15525469382837,
    "v_D9_n_i": 0.0,
    "v_D10_a_r": 800.0,
    "v_D10_a_i": 0.0,
    "v_D10_b_r": 0.0,
    "v_D10_b_i": 0.0,
    "v_D10_c_r": 0.0,
    "v_D10_c_i": 0.0,
    "v_D10_n_r": 10.0,
    "v_D10_n_i": 0.0,
    "v_D11_b_r": 0.0,
    "v_D11_b_i": 0.0,
    "v_D11_c_r": 0.0,
    "v_D11_c_i": 0.0,
    "v_D16_b_r": 0.0,
    "v_D16_b_i": 0.0,
    "v_D16_c_r": 0.0,
    "v_D16_c_i": 0.0,
    "v_D17_b_r": 0.0,
    "v_D17_b_i": 0.0,
    "v_D17_c_r": 0.0,
    "v_D17_c_i": 0.0,
    "v_D18_b_r": 0.0,
    "v_D18_b_i": 0.0,
    "v_D18_c_r": 0.0,
    "v_D18_c_i": 0.0,
    "v_D14_a_r": 800.0,
    "v_D14_a_i": 0.0,
    "v_D14_b_r": 0.0,
    "v_D14_b_i": 0.0,
    "v_D14_c_r": 0.0,
    "v_D14_c_i": 0.0,
    "v_D14_n_r": 10.0,
    "v_D14_n_i": 0.0,
    "v_D15_b_r": 0.0,
    "v_D15_b_i": 0.0,
    "v_D15_c_r": 0.0,
    "v_D15_c_i": 0.0,
    "i_load_R1_a_r": -172.5977097721859,
    "i_load_R1_a_i": 238.22198493074546,
    "i_load_R1_b_r": 285.9391399618334,
    "i_load_R1_b_i": 55.57331494854396,
    "i_load_R1_c_r": -94.84166746296022,
    "i_load_R1_c_i": -275.41721661748886,
    "i_load_R1_n_r": -18.49976272668728,
    "i_load_R1_n_i": -18.378083261800555
}