{
    "V_A1_0_r": 230.94010767585033,
    "V_A1_0_i": 0.0,
    "V_A1_1_r": -115.47005383792511,
    "V_A1_1_i": -200.00000000000003,
    "V_A1_2_r": -115.47005383792511,
    "V_A1_2_i": 200.00000000000003,
    "V_A1_3_r": 0.0,
    "V_A1_3_i": 0.0,
    "V_A2_0_r": 230.94010767585033,
    "V_A2_0_i": 0.0,
    "V_A2_1_r": -115.47005383792511,
    "V_A2_1_i": -200.00000000000003,
    "V_A2_2_r": -115.47005383792511,
    "V_A2_2_i": 200.00000000000003,
    "V_A2_3_r": 0.0,
    "V_A2_3_i": 0.0,
    "omega_A1": 1.0,
    "m_a_A1": 0.75,
    "m_b_A1": 0.75,
    "m_c_A1": 0.75,
    "phi_a_A1": 0.0,
    "phi_b_A1": -2.0943951023931953,
    "phi_c_A1": -4.1887902047863905,
    "omega_coi": 1.0
}