{
    "V_AC_0_r": 230.94010767585033,
    "V_AC_0_i": 0.0,
    "V_AC_1_r": -115.47005383792511,
    "V_AC_1_i": -200.00000000000003,
    "V_AC_2_r": -115.47005383792511,
    "V_AC_2_i": 200.00000000000003,
    "V_AC_3_r": 0.0,
    "V_AC_3_i": 0.0,
    "V_DC_0_r": 400.0,
    "V_DC_0_i": 0.0,
    "V_DC_1_r": -400.0,
    "V_DC_1_i": 0.0,
    "omega": 1.0,
    "omega_coi": 1.0
}