{
    "v_C01_a_r": 389.8481008958138,
    "v_C01_a_i": 0.0,
    "v_C01_b_r": 1.414100318299876e-14,
    "v_C01_b_i": -230.94010767585033,
    "v_C01_c_r": -200.00000000000006,
    "v_C01_c_i": 115.4700538379251,
    "v_C01_n_r": -4.778994804737777e-12,
    "v_C01_n_i": 2.8491158660830726e-11,
    "v_C12_a_r": 389.8481008958138,
    "v_C12_a_i": 0.0,
    "v_C12_b_r": 1.414100318299876e-14,
    "v_C12_b_i": -230.94010767585033,
    "v_C12_c_r": -200.00000000000006,
    "v_C12_c_i": 115.4700538379251,
    "v_C12_n_r": -3.96660648118238e-12,
    "v_C12_n_i": 2.737234280526381e-11,
    "v_C13_a_r": 389.8481008958138,
    "v_C13_a_i": 0.0,
    "v_C13_b_r": 1.414100318299876e-14,
    "v_C13_b_i": -230.94010767585033,
    "v_C13_c_r": -200.00000000000006,
    "v_C13_c_i": 115.4700538379251,
    "v_C13_n_r": -3.926588843223006e-12,
    "v_C13_n_i": 2.731963267594935e-11,
    "v_C14_a_r": 389.8481008958138,
    "v_C14_a_i": 0.0,
    "v_C14_b_r": 1.414100318299876e-14,
    "v_C14_b_i": -230.94010767585033,
    "v_C14_c_r": -200.00000000000006,
    "v_C14_c_i": 115.4700538379251,
    "v_C14_n_r": -4.099316666539259e-12,
    "v_C14_n_i": 2.7451116108457393e-11,
    "v_C17_a_r": 389.8481008958138,
    "v_C17_a_i": 0.0,
    "v_C17_b_r": 1.414100318299876e-14,
    "v_C17_b_i": -230.94010767585033,
    "v_C17_c_r": -200.00000000000006,
    "v_C17_c_i": 115.4700538379251,
    "v_C17_n_r": -4.292912456127972e-12,
    "v_C17_n_i": 2.7082053100652236e-11,
    "v_C18_a_r": 389.8481008958138,
    "v_C18_a_i": 0.0,
    "v_C18_b_r": 1.414100318299876e-14,
    "v_C18_b_i": -230.94010767585033,
    "v_C18_c_r": -200.00000000000006,
    "v_C18_c_i": 115.4700538379251,
    "v_C18_n_r": -4.066378408366837e-12,
    "v_C18_n_i": 2.7022005823094878e-11,
    "v_C19_a_r": 389.8481008958138,
    "v_C19_a_i": 0.0,
    "v_C19_b_r": 1.414100318299876e-14,
    "v_C19_b_i": -230.94010767585033,
    "v_C19_c_r": -200.00000000000006,
    "v_C19_c_i": 115.4700538379251,
    "v_C19_n_r": -4.093878896333918e-12,
    "v_C19_n_i": 2.6644183112123746e-11,
    "v_C20_a_r": 389.8481008958138,
    "v_C20_a_i": 0.0,
    "v_C20_b_r": 1.414100318299876e-14,
    "v_C20_b_i": -230.94010767585033,
    "v_C20_c_r": -200.00000000000006,
    "v_C20_c_i": 115.4700538379251,
    "v_C20_n_r": -4.061472636177294e-12,
    "v_C20_n_i": 2.659515473397129e-11,
    "v_C00_a_r": 389.8481008958138,
    "v_C00_a_i": 0.0,
    "v_C00_b_r": 1.414100318299876e-14,
    "v_C00_b_i": -230.94010767585033,
    "v_C00_c_r": -200.00000000000006,
    "v_C00_c_i": 115.4700538379251,
    "v_C02_a_r": 389.8481008958138,
    "v_C02_a_i": 0.0,
    "v_C02_b_r": 1.414100318299876e-14,
    "v_C02_b_i": -230.94010767585033,
    "v_C02_c_r": -200.00000000000006,
    "v_C02_c_i": 115.4700538379251,
    "v_C02_n_r": -4.59600222624853e-12,
    "v_C02_n_i": 2.805760738389348e-11,
    "v_C03_a_r": 389.8481008958138,
    "v_C03_a_i": 0.0,
    "v_C03_b_r": 1.414100318299876e-14,
    "v_C03_b_i": -230.94010767585033,
    "v_C03_c_r": -200.00000000000006,
    "v_C03_c_i": 115.4700538379251,
    "v_C03_n_r": -4.283665342114657e-12,
    "v_C03_n_i": 2.7740339065464677e-11,
    "v_C04_a_r": 389.8481008958138,
    "v_C04_a_i": 0.0,
    "v_C04_b_r": 1.414100318299876e-14,
    "v_C04_b_i": -230.94010767585033,
    "v_C04_c_r": -200.00000000000006,
    "v_C04_c_i": 115.4700538379251,
    "v_C04_n_r": -4.314141166591676e-12,
    "v_C04_n_i": 2.7567248781299963e-11,
    "v_C05_a_r": 389.8481008958138,
    "v_C05_a_i": 0.0,
    "v_C05_b_r": 1.414100318299876e-14,
    "v_C05_b_i": -230.94010767585033,
    "v_C05_c_r": -200.00000000000006,
    "v_C05_c_i": 115.4700538379251,
    "v_C05_n_r": -4.331637991125349e-12,
    "v_C05_n_i": 2.730864005703675e-11,
    "v_C06_a_r": 389.8481008958138,
    "v_C06_a_i": 0.0,
    "v_C06_b_r": 1.414100318299876e-14,
    "v_C06_b_i": -230.94010767585033,
    "v_C06_c_r": -200.00000000000006,
    "v_C06_c_i": 115.4700538379251,
    "v_C06_n_r": -4.185077631974514e-12,
    "v_C06_n_i": 2.7053673985687088e-11,
    "v_C07_a_r": 389.8481008958138,
    "v_C07_a_i": 0.0,
    "v_C07_b_r": 1.414100318299876e-14,
    "v_C07_b_i": -230.94010767585033,
    "v_C07_c_r": -200.00000000000006,
    "v_C07_c_i": 115.4700538379251,
    "v_C07_n_r": -4.10833155064946e-12,
    "v_C07_n_i": 2.6848129132463057e-11,
    "v_C08_a_r": 389.8481008958138,
    "v_C08_a_i": 0.0,
    "v_C08_b_r": 1.414100318299876e-14,
    "v_C08_b_i": -230.94010767585033,
    "v_C08_c_r": -200.00000000000006,
    "v_C08_c_i": 115.4700538379251,
    "v_C08_n_r": -4.1301096376537605e-12,
    "v_C08_n_i": 2.6687360867906e-11,
    "v_C09_a_r": 389.8481008958138,
    "v_C09_a_i": 0.0,
    "v_C09_b_r": 1.414100318299876e-14,
    "v_C09_b_i": -230.94010767585033,
    "v_C09_c_r": -200.00000000000006,
    "v_C09_c_i": 115.4700538379251,
    "v_C09_n_r": -4.0245343256372995e-12,
    "v_C09_n_i": 2.6624870387253426e-11,
    "v_C10_a_r": 389.8481008958138,
    "v_C10_a_i": 0.0,
    "v_C10_b_r": 1.414100318299876e-14,
    "v_C10_b_i": -230.94010767585033,
    "v_C10_c_r": -200.00000000000006,
    "v_C10_c_i": 115.4700538379251,
    "v_C10_n_r": -4.106642481887837e-12,
    "v_C10_n_i": 2.749032385292582e-11,
    "v_C11_a_r": 389.8481008958138,
    "v_C11_a_i": 0.0,
    "v_C11_b_r": 1.414100318299876e-14,
    "v_C11_b_i": -230.94010767585033,
    "v_C11_c_r": -200.00000000000006,
    "v_C11_c_i": 115.4700538379251,
    "v_C11_n_r": -3.980503428999959e-12,
    "v_C11_n_i": 2.740725015579388e-11,
    "v_C15_a_r": 389.8481008958138,
    "v_C15_a_i": 0.0,
    "v_C15_b_r": 1.414100318299876e-14,
    "v_C15_b_i": -230.94010767585033,
    "v_C15_c_r": -200.00000000000006,
    "v_C15_c_i": 115.4700538379251,
    "v_C15_n_r": -4.289025390409589e-12,
    "v_C15_n_i": 2.712101866697209e-11,
    "v_C16_a_r": 389.8481008958138,
    "v_C16_a_i": 0.0,
    "v_C16_b_r": 1.414100318299876e-14,
    "v_C16_b_i": -230.94010767585033,
    "v_C16_c_r": -200.00000000000006,
    "v_C16_c_i": 115.4700538379251,
    "v_C16_n_r": -4.175675229895396e-12,
    "v_C16_n_i": 2.703206266611052e-11,
    "i_load_C01_a_r": -1.3168781223048784e-11,
    "i_load_C01_a_i": -5.697795028708508e-12,
    "i_load_C01_b_r": 1.3156826265041098e-11,
    "i_load_C01_b_i": -8.479368446497796e-12,
    "i_load_C01_c_r": 2.575351570912929e-12,
    "i_load_C01_c_i": 1.5631043449732922e-11,
    "i_load_C01_n_r": -2.5633966129052428e-12,
    "i_load_C01_n_i": -1.453879974526617e-12,
    "i_load_C12_a_r": -2.1947968705081343e-12,
    "i_load_C12_a_i": -9.49632504784749e-13,
    "i_load_C12_b_r": 2.1928043775068486e-12,
    "i_load_C12_b_i": -1.4132280744163047e-12,
    "i_load_C12_c_r": 4.292252618188246e-13,
    "i_load_C12_c_i": 2.6051739082888127e-12,
    "i_load_C12_n_r": -4.272327688175389e-13,
    "i_load_C12_n_i": -2.4231332908775887e-13,
    "i_load_C13_a_r": -2.1947968705081343e-12,
    "i_load_C13_a_i": -9.496325047847488e-13,
    "i_load_C13_b_r": 2.192804377506849e-12,
    "i_load_C13_b_i": -1.4132280744163045e-12,
    "i_load_C13_c_r": 4.2922526181882446e-13,
    "i_load_C13_c_i": 2.6051739082888135e-12,
    "i_load_C13_n_r": -4.2723276881753914e-13,
    "i_load_C13_n_i": -2.423133290877605e-13,
    "i_load_C14_a_r": -2.7434960881351684e-12,
    "i_load_C14_a_i": -1.187040630980936e-12,
    "i_load_C14_b_r": 2.741005471883562e-12,
    "i_load_C14_b_i": -1.7665350930203807e-12,
    "i_load_C14_c_r": 5.365315772735293e-13,
    "i_load_C14_c_i": 3.2564673853610162e-12,
    "i_load_C14_n_r": -5.340409610219228e-13,
    "i_load_C14_n_i": -3.028916613596995e-13,
    "i_load_C17_a_r": -2.7434960881351745e-12,
    "i_load_C17_a_i": -1.187040630980935e-12,
    "i_load_C17_b_r": 2.7410054718835608e-12,
    "i_load_C17_b_i": -1.7665350930203813e-12,
    "i_load_C17_c_r": 5.365315772735194e-13,
    "i_load_C17_c_i": 3.256467385361013e-12,
    "i_load_C17_n_r": -5.340409610219057e-13,
    "i_load_C17_n_i": -3.0289166135969667e-13,
    "i_load_C18_a_r": -8.779187482032552e-13,
    "i_load_C18_a_i": -3.7985300191389925e-13,