{
    "delta_30": 0.20491026568154602,
    "omega_30": 1.0,
    "e1q_30": 1.1753287799771899,
    "e1d_30": 0.0012059281532401012,
    "v_c_30": 1.03,
    "xi_v_30": 1901960.3650400485,
    "x_gov_1_30": 0.0019436607404503443,
    "x_gov_2_30": 0.0019436607404503443,
    "xi_imw_30": 0.10460140908512901,
    "x_wo_30": -6.310887241768095e-30,
    "x_lead_30": 6.4435058897912426e-18,
    "delta_31": -1.6173960509035375e-27,
    "omega_31": 1.0,
    "e1q_31": 0.9833174374269992,
    "e1d_31": -0.12555539841974345,
    "v_c_31": 1.01,
    "xi_v_31": 937198.9047126862,
    "x_gov_1_31": -0.10265774834467865,
    "x_gov_2_31": -0.10265774834467865,
    "xi_imw_31": -1.392893918279515e-29,
    "x_wo_31": -3.361264611451342e-17,
    "x_lead_31": 8.958103963332034e-19,
    "delta_32": 0.20818910234890692,
    "omega_32": 1.0,
    "e1q_32": 1.0591780030649676,
    "e1d_32": 0.006170766287009365,
    "v_c_32": 1.03,
    "xi_v_32": 1205192.2841758654,
    "x_gov_1_32": 0.006414688622901019,
    "x_gov_2_32": 0.006414688622901019,
    "xi_imw_32": 0.10907243696757968,
    "x_wo_32": 0.0,
    "x_lead_32": 1.0263541590910907e-17,
    "delta_33": 0.21990535477448592,
    "omega_33": 1.0,
    "e1q_33": 1.0046323192602005,
    "e1d_33": 0.007291252026829964,
    "v_c_33": 1.01,
    "xi_v_33": 978004.6017460317,
    "x_gov_1_33": 0.006212018546100975,
    "x_gov_2_33": 0.006212018546100975,
    "xi_imw_33": 0.10886976689077964,
    "x_wo_33": 0.0,
    "x_lead_33": 9.89241772970406e-18,
    "delta_34": 0.21838851144700777,
    "omega_34": 1.0,
    "e1q_34": 1.0073956762630196,
    "e1d_34": 0.0057452170376289784,
    "v_c_34": 1.01,
    "xi_v_34": 994491.057411983,
    "x_gov_1_34": 0.004972617063088802,
    "x_gov_2_34": 0.004972617063088802,
    "xi_imw_34": 0.10763036540776746,
    "x_wo_34": 0.0,
    "x_lead_34": 4.9636048094765446e-18,
    "delta_35": 3.361316420210783,
    "omega_35": 1.0,
    "e1q_35": -1.004350392287403,
    "e1d_35": -0.0075145603368915615,
    "v_c_35": 1.01,
    "xi_v_35": -976328.6982507046,
    "x_gov_1_35": 0.006391929529578922,
    "x_gov_2_35": 0.006391929529578922,
    "xi_imw_35": 0.10904967787425758,
    "x_wo_35": 0.0,
    "x_lead_35": -3.14418978797986e-19,
    "delta_36": 0.21840651821001975,
    "omega_36": 1.0,
    "e1q_36": 1.0068485203322612,
    "e1d_36": 0.0063651485028995685,
    "v_c_36": 1.01,
    "xi_v_36": 991242.3018515327,
    "x_gov_1_36": 0.0054921972581341225,
    "x_gov_2_36": 0.0054921972581341225,
    "xi_imw_36": 0.10814994560281278,
    "x_wo_36": 0.0,
    "x_lead_36": -6.620553628481106e-19,
    "delta_37": 6.501067590665609,
    "omega_37": 1.0,
    "e1q_37": 0.9932497710852282,
    "e1d_37": 0.0066592794514401575,
    "v_c_37": 1.01,
    "xi_v_37": 909672.9550370817,
    "x_gov_1_37": 0.005299887398774811,
    "x_gov_2_37": 0.005299887398774811,
    "xi_imw_37": 0.10795763574345348,
    "x_wo_37": 0.0,
    "x_lead_37": 1.9755874416863036e-17,
    "delta_38": -6.057952089517938,
    "omega_38": 1.0,
    "e1q_38": 1.004243472859377,
    "e1d_38": 0.009633057008883296,
    "v_c_38": 1.01,
    "xi_v_38": 975861.4323528801,
    "x_gov_1_38": 0.008190222491224032,
    "x_gov_2_38": 0.008190222491224032,
    "xi_imw_38": 0.11084797083590268,
    "x_wo_38": 0.0,
    "x_lead_38": 2.0915699921510124e-18,
    "delta_39": 12.78797231895074,
    "omega_39": 1.0,
    "e1q_39": 0.9925566198036173,
    "e1d_39": 0.012480952404667359,
    "v_c_39": 1.01,
    "xi_v_39": 906059.9374360056,
    "x_gov_1_39": 0.009896053640551409,
    "x_gov_2_39": 0.009896053640551409,
    "xi_imw_39": 0.11255380198523007,
    "x_wo_39": 0.0,
    "x_lead_39": -2.971294025449802e-17,
    "xi_freq": -1026.5774834467866,
    "V_01": 1.013400212448747,
    "theta_01": 0.20371582105578112,
    "V_02": 1.0190399888839212,
    "theta_02": 0.20432599925422845,
    "V_03": 1.017166975956785,
    "theta_03": 0.20396892568053815,
    "V_04": 1.0171260866136926,
    "theta_04": 0.2006512522519894,
    "V_05": 1.0163900375188497,
    "theta_05": 0.1978960887949216,
    "V_06": 1.0163527550154003,
    "theta_06": 0.19724267851361751,
    "V_07": 1.016043362986385,
    "theta_07": 0.19798009564067964,
    "V_08": 1.0158731345524414,
    "theta_08": 0.1983023221625642,
    "V_09": 1.0124184095911042,
    "theta_09": 0.20122420937296065,
    "V_10": 1.0202708909215428,
    "theta_10": 0.1989598655185621,
    "V_11": 1.0189450690440622,
    "theta_11": 0.1984134375757044,
    "V_12": 1.0193129401601837,
    "theta_12": 0.19899361344823452,
    "V_13": 1.0194927867582293,
    "theta_13": 0.19956455474054358,
    "V_14": 1.0177107766019824,
    "theta_14": 0.2011118442996219,
    "V_15": 1.0148759449579012,
    "theta_15": 0.205183797639507,
    "V_16": 1.0135894627033686,
    "theta_16": 0.20683255483583782,
    "V_17": 1.0145804878334186,
    "theta_17": 0.20641591459822128,
    "V_18": 1.0155756501327786,
    "theta_18": 0.20551769187475374,
    "V_19": 1.0112436951334036,
    "theta_19": 0.20869541887668644,
    "V_20": 1.0107560002768259,
    "theta_20": 0.20948140947055366,
    "V_21": 1.0125304824746635,
    "theta_21": 0.20760930606034853,
    "V_22": 1.0113408806987647,
    "theta_22": 0.2082314163131376,
    "V_23": 1.0114086287888056,
    "theta_23": 0.20830735797604602,
    "V_24": 1.0132538433669713,
    "theta_24": 0.207118665704378,
    "V_25": 1.01645417348959,
    "theta_25": 0.20723492144388975,
    "V_26": 1.0141796069127897,
    "theta_26": 0.20820842386110433,
    "V_27": 1.0143935531621864,
    "theta_27": 0.20748812629417113,
    "V_28": 1.0121367830808485,
    "theta_28": 0.20997161108661405,
    "V_29": 1.011452775929915,
    "theta_29": 0.21038615297257623,
    "V_30": 1.03,
    "theta_30": 0.2043552911300766,
    "V_31": 1.01,
    "theta_31": 0.18473888669793634,
    "V_32": 1.03,
    "theta_32": 0.19956895170748576,
    "V_33": 1.01,
    "theta_33": 0.20918955356665533,
    "V_34": 1.01,
    "theta_34": 0.2099582757195629,
    "V_35": 1.01,
    "theta_35": 0.2086788060959913,
    "V_36": 1.01,
    "theta_36": 0.2090644414074716,
    "V_37": 1.01,
    "theta_37": 0.2079975215990946,
    "V_38": 1.01,
    "theta_38": 0.21108673134014266,
    "V_39": 1.01,
    "theta_39": 0.20319050139950595,
    "i_d_30": 0.4844210567085724,
    "i_q_30": 0.0010486331767305228,
    "p_g_30": 0.001356998590914871,
    "q_g_30": 0.4989530121481357,
    "v_f_30": 1.9019603650400485,
    "p_m_ref_30": 0.0019436607404503443,
    "p_m_30": 0.0019436607404503443,
    "z_wo_30": 6.4435058897912426e-18,
    "v_pss_30": 6.4435058897912426e-18,
    "i_d_31": -0.030745688476208722,
    "i_q_31": -0.10917860732151606,
    "p_g_31": -0.10268991150882002,
    "q_g_31": -0.050780306916649066,
    "v_f_31": 0.9371989047126861,
    "p_m_ref_31": -0.10265774834467865,
    "p_m_31": -0.10265774834467865,
    "z_wo_31": 8.958103963332034e-19,
    "v_pss_31": 8.958103963332034e-19,
    "i_d_32": 0.09734285407393192,
    "i_q_32": 0.0053658837278342305,
    "p_g_32": 0.006390927563032421,
    "q_g_32": 0.10021177281498705,
    "v_f_32": 1.2051922841758653,
    "p_m_ref_32": 0.006414688622901019,
    "p_m_32": 0.006414688622901019,
    "z_wo_32": 1.0263541590910907e-17,
    "v_pss_32": 1.0263541590910907e-17,
    "i_d_33": -0.017751811676112523,
    "i_q_33": 0.006340219153765187,
    "p_g_33": 0.006211130233109221,
    "q_g_33": -0.017996919024738687,
    "v_f_33": 0.9780046017460315,
    "p_m_ref_33": 0.006212018546100975,
    "p_m_33": 0.006212018546100975,
    "z_wo_33": 9.89241772970406e-18,
    "v_pss_33": 9.89241772970406e-18,
    "i_d_34": -0.008603079234024385,
    "i_q_34": 0.0049958409022860676,
    "p_g_34": 0.004972369634592233,
    "q_g_34": -0.008731338039342026,
    "v_f_34": 0.994491057411983,
    "p_m_ref_34": 0.004972617063088802,
    "p_m_34": 0.004972617063088802,
    "z_wo_34": 4.9636048094765446e-18,
    "v_pss_34": 4.9636048094765446e-18,
    "i_d_35": 0.01868112935779915,
    "i_q_35": -0.006534400292949184,
    "p_g_35": 0.006390950322125743,