{
    "delta_30": -0.6279923475312917,
    "omega_30": 1.0,
    "e1q_30": 1.5052380000201369,
    "e1d_30": 0.04693920111695844,
    "v_c_30": 1.03,
    "xi_v_30": 3891313.4203401213,
    "x_gov_1_30": 0.1523377782412948,
    "x_gov_2_30": 0.1523377782412948,
    "xi_imw_30": 0.1523377782412948,
    "x_wo_30": 0.0,
    "x_lead_30": 0.0,
    "delta_31": 1.3951473992034423e-12,
    "omega_31": 1.0000000000000004,
    "e1q_31": 1.0122408888272303,
    "e1d_31": 0.41270091834322137,
    "v_c_31": 1.01,
    "xi_v_31": 2037875.0290458451,
    "x_gov_1_31": 0.7067949732050351,
    "x_gov_2_31": 0.7067949732050351,
    "xi_imw_31": 1.3138543976563891e-27,
    "x_wo_31": 3.987684942396258e-16,
    "x_lead_31": 1.2875279308541349e-19,
    "delta_32": -0.1082080633552886,
    "omega_32": 1.0,
    "e1q_32": 1.096638037108067,
    "e1d_32": 0.35886962726902816,
    "v_c_32": 1.03,
    "xi_v_32": 2156263.151633897,
    "x_gov_1_32": 0.6508401758212848,
    "x_gov_2_32": 0.6508401758212848,
    "xi_imw_32": 0.6508401758212848,
    "x_wo_32": 0.0,
    "x_lead_32": 0.0,
    "delta_33": -0.0268904763079678,
    "omega_33": 1.0,
    "e1q_33": 0.9418866947465044,
    "e1d_33": 0.43275211890799276,
    "v_c_33": 1.01,
    "xi_v_33": 1733357.9599233011,
    "x_gov_1_33": 0.6324176279816007,
    "x_gov_2_33": 0.6324176279816007,
    "xi_imw_33": 0.6324176279816007,
    "x_wo_33": 0.0,
    "x_lead_33": 0.0,
    "delta_34": -0.16971066077747868,
    "omega_34": 1.0,
    "e1q_34": 0.9805035766705679,
    "e1d_34": 0.36916659689747944,
    "v_c_34": 1.01,
    "xi_v_34": 1626191.6728181175,
    "x_gov_1_34": 0.5082126498114349,
    "x_gov_2_34": 0.5082126498114349,
    "xi_imw_34": 0.5082126498114349,
    "x_wo_34": 0.0,
    "x_lead_34": 0.0,
    "delta_35": -0.01726925816182387,
    "omega_35": 1.0,
    "e1q_35": 0.9662559304794428,
    "e1d_35": 0.423416495283701,
    "v_c_35": 1.01,
    "xi_v_35": 1823954.8736724749,
    "x_gov_1_35": 0.6505057867800027,
    "x_gov_2_35": 0.6505057867800027,
    "xi_imw_35": 0.6505057867800027,
    "x_wo_35": 0.0,
    "x_lead_35": 0.0,
    "delta_36": -0.03386350815564032,
    "omega_36": 1.0,
    "e1q_36": 0.946448806494014,
    "e1d_36": 0.40852119609164433,
    "v_c_36": 1.01,
    "xi_v_36": 1622207.4126145933,
    "x_gov_1_36": 0.5602626071657436,
    "x_gov_2_36": 0.5602626071657436,
    "xi_imw_36": 0.5602626071657436,
    "x_wo_36": 0.0,
    "x_lead_36": 0.0,
    "delta_37": -0.006655916041318379,
    "omega_37": 1.0,
    "e1q_37": 0.9300746563519766,
    "e1d_37": 0.41258772615517303,
    "v_c_37": 1.01,
    "xi_v_37": 1546820.0501444659,
    "x_gov_1_37": 0.5402042277833925,
    "x_gov_2_37": 0.5402042277833925,
    "xi_imw_37": 0.5402042277833925,
    "x_wo_37": 0.0,
    "x_lead_37": 0.0,
    "delta_38": 0.24583550015348055,
    "omega_38": 1.0,
    "e1q_38": 0.8854837302280884,
    "e1d_38": 0.5105878899088978,
    "v_c_38": 1.01,
    "xi_v_38": 1941870.7820225065,
    "x_gov_1_38": 0.8309018632073276,
    "x_gov_2_38": 0.8309018632073276,
    "xi_imw_38": 0.8309018632073276,
    "x_wo_38": 0.0,
    "x_lead_38": 0.0,
    "delta_39": -18.8169792387471,
    "omega_39": 1.0,
    "e1q_39": 1.2872521962372474,
    "e1d_39": 0.3549381107999535,
    "v_c_39": 1.01,
    "xi_v_39": 3393942.9591589714,
    "x_gov_1_39": 1.0041652574996631,
    "x_gov_2_39": 1.0041652574996631,
    "xi_imw_39": 1.0041652574996631,
    "x_wo_39": 0.0,
    "x_lead_39": 0.0,
    "xi_freq": 7067.949732050441,
    "V_01": 1.0060023305787165,
    "theta_01": -0.57895534639951,
    "V_02": 1.0048452103107488,
    "theta_02": -0.6937765854659327,
    "V_03": 0.9905376344206436,
    "theta_03": -0.7341338836745503,
    "V_04": 0.9808077443602251,
    "theta_04": -0.7328057523877113,
    "V_05": 0.9845386456712684,
    "theta_05": -0.7066246171934001,
    "V_06": 0.98688942794284,
    "theta_06": -0.7016212692301789,
    "V_07": 0.9796008951786204,
    "theta_07": -0.707842577042435,
    "V_08": 0.9783469188659236,
    "theta_08": -0.7054687999052418,
    "V_09": 0.993605605245934,
    "theta_09": -0.588072838426532,
    "V_10": 0.996417853294425,
    "theta_10": -0.6965514708595157,
    "V_11": 0.9924773387725807,
    "theta_11": -0.6984738561895267,
    "V_12": 0.9826787740520048,
    "theta_12": -0.7021963613322971,
    "V_13": 0.9924293278723184,
    "theta_13": -0.7049682491656555,
    "V_14": 0.9856725072274812,
    "theta_14": -0.725746950422122,
    "V_15": 0.9809230415153214,
    "theta_15": -0.7592668500890378,
    "V_16": 0.9877206681193059,
    "theta_16": -0.7589335604695854,
    "V_17": 0.9865311118618637,
    "theta_17": -0.7523241936647546,
    "V_18": 0.9869104292598162,
    "theta_18": -0.7494145516945987,
    "V_19": 0.9996846846437845,
    "theta_19": -0.7442784766462828,
    "V_20": 0.9985968723481504,
    "theta_20": -0.7663518736995215,
    "V_21": 0.9881360484157422,
    "theta_21": -0.7489763465401191,
    "V_22": 0.9982773274949512,
    "theta_22": -0.7197783713108546,
    "V_23": 0.9966822774097559,
    "theta_23": -0.7239303791703052,
    "V_24": 0.9907843898429529,
    "theta_24": -0.7619122698671321,
    "V_25": 1.001357407316879,
    "theta_25": -0.6936162269524018,
    "V_26": 0.9890593269333492,
    "theta_26": -0.7191418860944215,
    "V_27": 0.9835101232693697,
    "theta_27": -0.7455960771016716,
    "V_28": 0.9927232920775959,
    "theta_28": -0.6851719880439227,
    "V_29": 0.997988631118804,
    "theta_29": -0.6589434131601403,
    "V_30": 1.03,
    "theta_30": -0.6915415126363964,
    "V_31": 1.01,
    "theta_31": -0.6464377977901203,
    "V_32": 1.03,
    "theta_32": -0.6472765270871055,
    "V_33": 1.01,
    "theta_33": -0.7111257382302705,
    "V_34": 1.01,
    "theta_34": -0.739263855903731,
    "V_35": 1.01,
    "theta_35": -0.683856603663487,
    "V_36": 1.01,
    "theta_36": -0.6733787746658918,
    "V_37": 1.01,
    "theta_37": -0.6537316035622123,
    "V_38": 1.01,
    "theta_38": -0.5955479296869404,
    "V_39": 1.01,
    "theta_39": -0.5096210597402236,
    "i_d_30": 1.5907169468799895,
    "i_q_30": 0.04081669662344213,
    "p_g_30": 0.14600766222175868,
    "q_g_30": 1.63246126956289,
    "v_f_30": 3.891313420340121,
    "p_m_ref_30": 0.1523377782412948,
    "p_m_30": 0.1523377782412948,
    "z_wo_30": 0.0,
    "v_pss_30": 0.0,
    "i_d_31": 0.6837560934790763,
    "i_q_31": 0.3588703637767143,
    "p_g_31": 0.7053041973716089,
    "q_g_31": 0.33292966259807166,
    "v_f_31": 2.037875029045845,
    "p_m_ref_31": 0.7067949732050351,
    "p_m_31": 0.7067949732050351,
    "z_wo_31": 1.2875279308541349e-19,
    "v_pss_31": 1.2875279308541349e-19,
    "i_d_32": 0.7064167430172198,
    "i_q_32": 0.3120605454513289,
    "p_g_32": 0.6493491598241787,
    "q_g_32": 0.45942705315161336,
    "v_f_32": 2.156263151633897,
    "p_m_ref_32": 0.6508401758212848,
    "p_m_32": 0.6508401758212848,
    "z_wo_32": 0.0,
    "v_pss_32": 0.0,
    "i_d_33": 0.5276475101178643,
    "i_q_33": 0.37630619035477636,
    "p_g_33": 0.6313675823720184,
    "q_g_33": 0.17272980768721075,
    "v_f_33": 1.7333579599233009,
    "p_m_ref_33": 0.6324176279816007,
    "p_m_33": 0.6324176279816007,
    "z_wo_33": 0.0,
    "v_pss_33": 0.0,
    "i_d_34": 0.4304587307650331,
    "i_q_34": 0.32101443208476477,
    "p_g_34": 0.5074917873501885,
    "q_g_34": 0.19129245792523816,
    "v_f_34": 1.6261916728181176,
    "p_m_ref_34": 0.5082126498114349,
    "p_m_34": 0.5082126498114349,
    "z_wo_34": 0.0,
    "v_pss_34": 0.0,
    "i_d_35": 0.5717992954620214,
    "i_q_35": 0.3681882567684357,
    "p_g_35": 0.64934949421322,
    "q_g_35": 0.22396172287918076,
    "v_f_35": 1.8239548736724749,
    "p_m_ref_35": 0.6505057867800027,
    "p_m_35": 0.6505057867800027,
    "z_wo_35": 0.0,
    "v_pss_35": 0.0,
    "i_d_36": 0.4505057374137194,
    "i_q_36": 0.3552358226883864,
    "p_g_36": 0.5594397373928343,
    "q_g_36": 0.15096675913525573,
    "v_f_36": 1.6222074126145931,
    "p_m_ref_36": 0.5602626071657436,
    "p_m_36": 0.5602626071657436,
    "z_wo_36": 0.0,