{
    "delta_30": 4.611126818949423,
    "omega_30": 1.0,
    "e1q_30": 1.2174083498417092,
    "e1d_30": 0.01545107582076494,
    "v_c_30": 1.03,
    "xi_v_30": 2155381.1269842717,
    "x_gov_1_30": 0.028118937376101643,
    "x_gov_2_30": 0.028118937376101643,
    "xi_imw_30": 2.0910616209347705,
    "x_wo_30": 0.0,
    "x_lead_30": 0.0,
    "delta_31": -8.812534662710667e-29,
    "omega_31": 1.0,
    "e1q_31": -0.795719651436034,
    "e1d_31": 0.6657928923722096,
    "v_c_31": 1.01,
    "xi_v_31": -3760926.8163853837,
    "x_gov_1_31": -2.062942683558669,
    "x_gov_2_31": -2.062942683558669,
    "xi_imw_31": -5.033030114069705e-32,
    "x_wo_31": -3.1528374731124754e-19,
    "x_lead_31": -1.0515840443190249e-19,
    "delta_32": 4.680142018178692,
    "omega_32": 1.0,
    "e1q_32": 1.178984204824952,
    "e1d_32": 0.07765748194501869,
    "v_c_32": 1.03,
    "xi_v_32": 1954427.3332087179,
    "x_gov_1_32": 0.1284880938771452,
    "x_gov_2_32": 0.1284880938771452,
    "xi_imw_32": 2.191430777435814,
    "x_wo_32": 0.0,
    "x_lead_32": 0.0,
    "delta_33": 4.853968672956456,
    "omega_33": 1.0,
    "e1q_33": 0.9566251133000889,
    "e1d_33": 0.16799390368914074,
    "v_c_33": 1.01,
    "xi_v_33": 843198.1517878121,
    "x_gov_1_33": 0.12428042171493296,
    "x_gov_2_33": 0.12428042171493296,
    "xi_imw_33": 2.1872231052736018,
    "x_wo_33": 0.0,
    "x_lead_33": 0.0,
    "delta_34": 4.791611842233528,
    "omega_34": 1.0,
    "e1q_34": 0.9803528222241291,
    "e1d_34": 0.12439261363002943,
    "v_c_34": 1.01,
    "xi_v_34": 915267.6359509182,
    "x_gov_1_34": 0.09947154304538072,
    "x_gov_2_34": 0.09947154304538072,
    "xi_imw_34": 2.1624142266040494,
    "x_wo_34": 0.0,
    "x_lead_34": 0.0,
    "delta_35": 4.861331755948918,
    "omega_35": 1.0,
    "e1q_35": 0.9537772074881276,
    "e1d_35": 0.1739860932709127,
    "v_c_35": 1.01,
    "xi_v_35": 837509.6769486441,
    "x_gov_1_35": 0.12788141941715958,
    "x_gov_2_35": 0.12788141941715958,
    "xi_imw_35": 2.1908241029758284,
    "x_wo_35": 0.0,
    "x_lead_35": 0.0,
    "delta_36": 4.808128810687941,
    "omega_36": 1.0,
    "e1q_36": 0.9768806115078723,
    "e1d_36": 0.1376766863371429,
    "v_c_36": 1.01,
    "xi_v_36": 913486.1575958616,
    "x_gov_1_36": 0.10986748673834597,
    "x_gov_2_36": 0.10986748673834597,
    "xi_imw_36": 2.172810170297015,
    "x_wo_36": 0.0,
    "x_lead_36": 0.0,
    "delta_37": 4.961615588804155,
    "omega_37": 1.0,
    "e1q_37": 0.8665184142619129,
    "e1d_37": 0.24265087998331417,
    "v_c_37": 1.01,
    "xi_v_37": 476920.2326476254,
    "x_gov_1_37": 0.10611090165886981,
    "x_gov_2_37": 0.10611090165886981,
    "xi_imw_37": 2.1690535852175388,
    "x_wo_37": 0.0,
    "x_lead_37": 0.0,
    "delta_38": 4.944664146785092,
    "omega_38": 1.0,
    "e1q_38": 0.934955488231108,
    "e1d_38": 0.2236889274316937,
    "v_c_38": 1.01,
    "xi_v_38": 835908.2269206656,
    "x_gov_1_38": 0.16387866645308793,
    "x_gov_2_38": 0.16387866645308793,
    "xi_imw_38": 2.2268213500117566,
    "x_wo_38": 0.0,
    "x_lead_38": 0.0,
    "delta_39": 5.496647890117163,
    "omega_39": 1.0,
    "e1q_39": 0.5834227422528011,
    "e1d_39": 0.5407880566197113,
    "v_c_39": 1.01,
    "xi_v_39": 410194.5917299536,
    "x_gov_1_39": 0.19832491341080813,
    "x_gov_2_39": 0.19832491341080813,
    "xi_imw_39": 2.261267596969477,
    "x_wo_39": 0.0,
    "x_lead_39": 0.0,
    "xi_freq": -20629.426835586688,
    "V_01": 1.0131980155325762,
    "theta_01": 4.5856867429757155,
    "V_02": 1.0186893457853305,
    "theta_02": 4.589999291268426,
    "V_03": 1.0169431726057767,
    "theta_03": 4.587063993400476,
    "V_04": 1.0168031262083737,
    "theta_04": 4.573363402197582,
    "V_05": 1.0156320821804137,
    "theta_05": 4.562095331545576,
    "V_06": 1.0154392120371485,
    "theta_06": 4.559444513196112,
    "V_07": 1.0154245504590733,
    "theta_07": 4.562377713307764,
    "V_08": 1.0153579229368523,
    "theta_08": 4.563644502619949,
    "V_09": 1.0122478994284514,
    "theta_09": 4.5750596919958575,
    "V_10": 1.0198755902035668,
    "theta_10": 4.5672810229907785,
    "V_11": 1.0183853068032396,
    "theta_11": 4.5647515956572615,
    "V_12": 1.0191392452012693,
    "theta_12": 4.567133356049642,
    "V_13": 1.0191452954517013,
    "theta_13": 4.569477630449896,
    "V_14": 1.0174635581806393,
    "theta_14": 4.575187115419027,
    "V_15": 1.0151113166262444,
    "theta_15": 4.590529068527752,
    "V_16": 1.0139081002128127,
    "theta_16": 4.596659366815536,
    "V_17": 1.0148695962155971,
    "theta_17": 4.595144623342499,
    "V_18": 1.0156908790443393,
    "theta_18": 4.592210029226488,
    "V_19": 1.0114666127156036,
    "theta_19": 4.6035431593045875,
    "V_20": 1.0110356870241286,
    "theta_20": 4.606609017428867,
    "V_21": 1.012964116233011,
    "theta_21": 4.599568146598771,
    "V_22": 1.0116247846448625,
    "theta_22": 4.601858333544674,
    "V_23": 1.0117325103465562,
    "theta_23": 4.60216962953934,
    "V_24": 1.0135087809358307,
    "theta_24": 4.597757204496846,
    "V_25": 1.0173136753209857,
    "theta_25": 4.595276287605384,
    "V_26": 1.0148220075751158,
    "theta_26": 4.600356776818558,
    "V_27": 1.0149702518451957,
    "theta_27": 4.598383621870315,
    "V_28": 1.0126576577471431,
    "theta_28": 4.606863407338859,
    "V_29": 1.0118409002095365,
    "theta_29": 4.608344385600039,
    "V_30": 1.03,
    "theta_30": 4.590467647656681,
    "V_31": 1.01,
    "theta_31": 4.508882640717754,
    "V_32": 1.03,
    "theta_32": 4.569718124279547,
    "V_33": 1.01,
    "theta_33": 4.605348092866393,
    "V_34": 1.01,
    "theta_34": 4.60841739278702,
    "V_35": 1.01,
    "theta_35": 4.603647253760372,
    "V_36": 1.01,
    "theta_36": 4.605125781092896,
    "V_37": 1.01,
    "theta_37": 4.5978534517472305,
    "V_38": 1.01,
    "theta_38": 4.610944135353069,
    "V_39": 1.01,
    "theta_39": 4.582903062099881,
    "i_d_30": 0.6253151847617083,
    "i_q_30": 0.013435718105012992,
    "p_g_30": 0.027140938379065227,
    "q_g_30": 0.6436513216379485,
    "v_f_30": 2.1553811269842718,
    "p_m_ref_30": 0.028118937376101643,
    "p_m_30": 0.028118937376101643,
    "z_wo_30": 0.0,
    "v_pss_30": 0.0,
    "i_d_31": -1.9768047766328998,
    "i_q_31": 0.5789503411932259,
    "p_g_31": -2.0735500351148852,
    "q_g_31": -0.16915667552135602,
    "v_f_31": -3.7609268163853833,
    "p_m_ref_31": -2.062942683558669,
    "p_m_31": -2.062942683558669,
    "z_wo_31": -1.0515840443190249e-19,
    "v_pss_31": -1.0515840443190249e-19,
    "i_d_32": 0.5169620855891772,
    "i_q_32": 0.06752824516958147,
    "p_g_32": 0.1278085692225642,
    "q_g_32": 0.5215630853993298,
    "v_f_32": 1.9544273332087176,
    "p_m_ref_32": 0.1284880938771452,
    "p_m_32": 0.1284880938771452,
    "z_wo_32": 0.0,
    "v_pss_32": 0.0,
    "i_d_33": -0.0756179743415178,
    "i_q_33": 0.14608165538186152,
    "p_g_33": 0.12421277689472641,
    "q_g_33": -0.11033122175151046,
    "v_f_33": 0.8431981517878122,
    "p_m_ref_33": 0.12428042171493296,
    "p_m_33": 0.12428042171493296,
    "z_wo_33": 0.0,
    "v_pss_33": 0.0,
    "i_d_34": -0.0433901241821406,
    "i_q_34": 0.10816749011306909,
    "p_g_34": 0.09943758577339597,
    "q_g_34": -0.06299279162109298,
    "v_f_34": 0.9152676359509182,
    "p_m_ref_34": 0.09947154304538072,
    "p_m_34": 0.09947154304538072,
    "z_wo_34": 0.0,
    "v_pss_34": 0.0,
    "i_d_35": -0.07751168702632233,
    "i_q_35": 0.15129225501818497,
    "p_g_35": 0.12780917589702417,
    "q_g_35": -0.11464318781578818,
    "v_f_35": 0.8375096769486441,
    "p_m_ref_35": 0.12788141941715958,
    "p_m_35": 0.12788141941715958,
    "z_wo_35": 0.0,
    "v_pss_35": 0.0,
    "i_d_36": -0.0422629692746739,
    "i_q_36": 0.11971885768447209,
    "p_g_36": 0.109827189829703,
    "q_g_36": -0.06618715114572277,
    "v_f_36": 0.9134861575958615,
    "p_m_ref_36": 0.10986748673834597,
    "p_m_36": 0.10986748673834597,
    "z_wo_36": 0.0,
    "v_pss_36": 0.0,