{
    "phi_R02": 8.64175579733351e-13,
    "omega_R02": 1.0,
    "phi_C02": 0.003408822402002106,
    "omega_C02": 1.0,
    "xi_freq": 69269.09201367392,
    "v_R01_a_r": 229.93703672021888,
    "v_R01_a_i": -5.018205795829415,
    "v_R01_b_r": -119.3654532053286,
    "v_R01_b_i": -196.65305603676688,
    "v_R01_c_r": -110.67805229967112,
    "v_R01_c_i": 201.72558759526032,
    "v_R01_n_r": -0.03351891234567441,
    "v_R01_n_i": 0.01687735848737234,
    "v_R11_a_r": 229.84209921889445,
    "v_R11_a_i": -5.053375019150292,
    "v_R11_b_r": -119.34842060074601,
    "v_R11_b_i": -196.55856344277126,
    "v_R11_c_r": -110.60847339960914,
    "v_R11_c_i": 201.66976530156288,
    "v_R11_n_r": -0.02729452674521675,
    "v_R11_n_i": 0.010974120450184133,
    "v_R15_a_r": 228.88628576914155,
    "v_R15_a_i": -5.193050486672977,
    "v_R15_b_r": -118.99282245315464,
    "v_R15_b_i": -195.70400556535006,
    "v_R15_c_r": -110.04581618113019,
    "v_R15_c_i": 200.97368934130125,
    "v_R15_n_r": 0.006600189966364347,
    "v_R15_n_i": -0.010996004168118596,
    "v_R16_a_r": 229.30012614282592,
    "v_R16_a_i": -5.246299078275659,
    "v_R16_b_r": -119.2462511096636,
    "v_R16_b_i": -196.0488622206127,
    "v_R16_c_r": -110.21766313608539,
    "v_R16_c_i": 201.37625905364996,
    "v_R16_n_r": 0.016326205639570397,
    "v_R16_n_i": -0.01779958108869204,
    "v_R17_a_r": 229.15141701487985,
    "v_R17_a_i": -5.3373681436207026,
    "v_R17_b_r": -119.25160710277385,
    "v_R17_b_i": -195.90087980517185,
    "v_R17_c_r": -110.08666002826791,
    "v_R17_c_i": 201.32951845828248,
    "v_R17_n_r": 0.0363102928023524,
    "v_R17_n_i": -0.03129210602985073,
    "v_R18_a_r": 229.0676499580193,
    "v_R18_a_i": -5.359345865351269,
    "v_R18_b_r": -119.22896599728625,
    "v_R18_b_i": -195.82395326113124,
    "v_R18_c_r": -110.0313154703911,
    "v_R18_c_i": 201.2771647906147,
    "v_R18_n_r": 0.041327638907694204,
    "v_R18_n_i": -0.0346634263281968,
    "v_I02_a_r": 229.08824312418358,
    "v_I02_a_i": -5.664600928352251,
    "v_I02_b_r": -119.48283753784837,
    "v_I02_b_i": -195.64684755146072,
    "v_I02_c_r": -109.72823380177067,
    "v_I02_c_i": 201.38435598718502,
    "v_I02_n_r": 0.02118963986160109,
    "v_I02_n_i": -0.013393325272852363,
    "v_C01_a_r": 229.98482158552622,
    "v_C01_a_i": -4.612964838511637,
    "v_C01_b_r": -118.98288379591575,
    "v_C01_b_i": -197.01968739189584,
    "v_C01_c_r": -111.1316189640991,
    "v_C01_c_i": 201.46231414133868,
    "v_C01_n_r": -0.03818493501430285,
    "v_C01_n_i": -0.050247595716800465,
    "v_C12_a_r": 229.52870350728193,
    "v_C12_a_i": -4.576895140604001,
    "v_C12_b_r": -118.73522706977218,
    "v_C12_b_i": -196.65191425875608,
    "v_C12_c_r": -110.94041517340641,
    "v_C12_c_i": 201.05476705446128,
    "v_C12_n_r": -0.01839529863674819,
    "v_C12_n_i": -0.051768249965680274,
    "v_C13_a_r": 229.52870350728193,
    "v_C13_a_i": -4.576895140603997,
    "v_C13_b_r": -118.73522706977218,
    "v_C13_b_i": -196.65191425875605,
    "v_C13_c_r": -110.94041517340641,
    "v_C13_c_i": 201.05476705446128,
    "v_C13_n_r": -0.0183952986367455,
    "v_C13_n_i": -0.05176824996568137,
    "v_C14_a_r": 229.7023308955852,
    "v_C14_a_i": -4.53545561414819,
    "v_C14_b_r": -118.78590225063755,
    "v_C14_b_i": -196.81699557328238,
    "v_C14_c_r": -111.05806875606187,
    "v_C14_c_i": 201.17532477509724,
    "v_C14_n_r": -0.02357867470702322,
    "v_C14_n_i": -0.05835652887761591,
    "v_C17_a_r": 229.41033603014043,
    "v_C17_a_i": -4.653358420728216,
    "v_C17_b_r": -118.74291447092483,
    "v_C17_b_i": -196.52367233305236,
    "v_C17_c_r": -110.82552123654652,
    "v_C17_c_i": 201.0092347822867,
    "v_C17_n_r": -0.007964849336410304,
    "v_C17_n_i": -0.038435951758842235,
    "v_C18_a_r": 229.70329556372786,
    "v_C18_a_i": -4.603725440595269,
    "v_C18_b_r": -118.84613454302615,
    "v_C18_b_i": -196.7949331613257,
    "v_C18_c_r": -111.0089590714902,
    "v_C18_c_i": 201.22722297195256,
    "v_C18_n_r": -0.014206092399797803,
    "v_C18_n_i": -0.046218875353866845,
    "v_C19_a_r": 229.73277080494918,
    "v_C19_a_i": -4.6539810445701475,
    "v_C19_b_r": -118.90470870373892,
    "v_C19_b_i": -196.80335396109507,
    "v_C19_c_r": -110.98700140923954,
    "v_C19_c_i": 201.28996442858673,
    "v_C19_n_r": -0.007395253365095508,
    "v_C19_n_i": -0.03762893680687513,
    "v_C20_a_r": 229.780567210385,
    "v_C20_a_i": -4.653409067001783,
    "v_C20_b_r": -118.92813929859103,
    "v_C20_b_i": -196.84502411793045,
    "v_C20_c_r": -111.01142898313176,
    "v_C20_c_i": 201.33107918130403,
    "v_C20_n_r": -0.007433881142800896,
    "v_C20_n_i": -0.03758914387778,
    "v_MV0_a_r": 10081.215857000316,
    "v_MV0_a_i": 5535.213100095188,
    "v_MV0_b_r": -246.8748010257296,
    "v_MV0_b_i": -11499.90373304414,
    "v_MV0_c_r": -9834.341055974583,
    "v_MV0_c_i": 5964.690632948955,
    "v_I01_a_r": 229.7963132317783,
    "v_I01_a_i": -5.467536678114053,
    "v_I01_b_r": -119.6646130461672,
    "v_I01_b_i": -196.3016186736958,
    "v_I01_c_r": -110.20520447052795,
    "v_I01_c_i": 201.81677292805233,
    "v_I01_n_r": -0.024403475040094817,
    "v_I01_n_i": 0.015962953330340233,
    "v_R02_a_r": 230.0839617565188,
    "v_R02_a_i": -4.968165960010494,
    "v_R02_b_r": -119.39480919497109,
    "v_R02_b_i": -196.78616690842242,
    "v_R02_c_r": -110.78263243182178,
    "v_R02_c_i": 201.80145136926234,
    "v_R02_n_r": -0.046739935137020974,
    "v_R02_n_i": 0.023559250414749672,
    "v_R03_a_r": 229.90304358966364,
    "v_R03_a_i": -5.048312404849379,
    "v_R03_b_r": -119.37445823867985,
    "v_R03_b_i": -196.61228537132632,
    "v_R03_c_r": -110.64199905699286,
    "v_R03_c_i": 201.71757340853173,
    "v_R03_n_r": -0.02867189291440482,
    "v_R03_n_i": 0.011800809731030615,
    "v_R04_a_r": 229.73535310916904,
    "v_R04_a_i": -5.122613472700452,
    "v_R04_b_r": -119.35561448819284,
    "v_R04_b_i": -196.45119585397288,
    "v_R04_c_r": -110.51171674991684,
    "v_R04_c_i": 201.63980058454675,
    "v_R04_n_r": -0.011965586984585053,
    "v_R04_n_i": 0.0008631415524364794,
    "v_R05_a_r": 229.6137964397049,
    "v_R05_a_i": -5.1764943009556665,
    "v_R05_b_r": -119.34198180932476,
    "v_R05_b_i": -196.3345283120681,
    "v_R05_c_r": -110.41736686086051,
    "v_R05_c_i": 201.58338741546055,
    "v_R05_n_r": 8.997092084288981e-05,
    "v_R05_n_i": -0.007117411850459926,
    "v_R06_a_r": 229.4922397702407,
    "v_R06_a_i": -5.230375129210922,
    "v_R06_b_r": -119.32834913045683,
    "v_R06_b_i": -196.21786077016338,
    "v_R06_c_r": -110.32301697180422,
    "v_R06_c_i": 201.5269742463743,
    "v_R06_n_r": 0.012145528826193616,
    "v_R06_n_i": -0.015097965253427126,
    "v_R07_a_r": 229.41941706672804,
    "v_R07_a_i": -5.262668238065884,
    "v_R07_b_r": -119.32020613927826,
    "v_R07_b_i": -196.14805443273048,
    "v_R07_c_r": -110.26657281128492,
    "v_R07_c_i": 201.49315020621327,
    "v_R07_n_r": 0.019320332859990446,
    "v_R07_n_i": -0.019919578578352175,
    "v_R08_a_r": 229.34659436321542,
    "v_R08_a_i": -5.294961346920611,
    "v_R08_b_r": -119.31206314809975,
    "v_R08_b_i": -196.07824809529734,
    "v_R08_c_r": -110.21012865076565,
    "v_R08_c_i": 201.45932616605245,
    "v_R08_n_r": 0.026495136893749383,
    "v_R08_n_i": -0.02474119190306504,
    "v_R09_a_r": 229.27378736515075,
    "v_R09_a_i": -5.327239914230416,
    "v_R09_b_r": -119.30390492774123,
    "v_R09_b_i": -196.00842772635065,
    "v_R09_c_r": -110.15366878479843,
    "v_R09_c_i": 201.42551666743663,
    "v_R09_n_r": 0.03369100405333682,
    "v_R09_n_i": -0.029550055186706448,
    "v_R10_a_r": 229.2320402361977,
    "v_R10_a_i": -5.345752432539429,
    "v_R10_b_r": -119.29923488799362,
    "v_R10_b_i": -195.96841297554195,
    "v_R10_c_r": -110.1213132309898,
    "v_R10_c_i": 201.40612453697074,
    "v_R10_n_r": 0.03780451328776167,
    "v_R10_n_i": -0.03231633891966276,
    "v_R12_a_r": 229.52308473979707,