{
    "v_W1lv_a_r": -48.77574785030906,
    "v_W1lv_a_i": 404.97991180718293,
    "v_W1lv_b_r": -326.33501771810137,
    "v_W1lv_b_i": -244.73099262969527,
    "v_W1lv_c_r": 375.1107655748389,
    "v_W1lv_c_i": -160.24891917474574,
    "v_W2lv_a_r": -48.66546120378944,
    "v_W2lv_a_i": 404.87263672119315,
    "v_W2lv_b_r": -326.2972580917194,
    "v_W2lv_b_i": -244.58184404913322,
    "v_W2lv_c_r": 374.9627193019272,
    "v_W2lv_c_i": -160.290792669349,
    "v_W3lv_a_r": -48.445561531971215,
    "v_W3lv_a_i": 404.65739176470913,
    "v_W3lv_b_r": -326.2208003273138,
    "v_W3lv_b_i": -244.28378286884663,
    "v_W3lv_c_r": 374.66636186568246,
    "v_W3lv_c_i": -160.37360889321337,
    "v_STlv_a_r": -29.17080292798143,
    "v_STlv_a_i": 403.44860974876667,
    "v_STlv_b_r": -334.81134369984096,
    "v_STlv_b_i": -226.9869612580007,
    "v_STlv_c_r": 363.98214662782243,
    "v_STlv_c_i": -176.46164849076595,
    "v_POI_a_r": 32900.256533428816,
    "v_POI_a_i": 20138.74506180364,
    "v_POI_b_r": -33890.79309059279,
    "v_POI_b_i": 18423.085418096376,
    "v_POI_c_r": 990.536557163964,
    "v_POI_c_i": -38561.83047990003,
    "v_POImv_a_r": 5114.8303506891825,
    "v_POImv_a_i": 10550.207138943902,
    "v_POImv_b_r": -11694.162572866799,
    "v_POImv_b_i": -845.5305497046926,
    "v_POImv_c_r": 6579.332222176723,
    "v_POImv_c_i": -9704.676589237892,
    "v_W1mv_a_r": 5107.233563648862,
    "v_W1mv_a_i": 10577.158964102686,
    "v_W1mv_b_r": -11713.705144612366,
    "v_W1mv_b_i": -865.5854728474044,
    "v_W1mv_c_r": 6606.471580962591,
    "v_W1mv_c_i": -9711.573491253968,
    "v_W2mv_a_r": 5108.51286875145,
    "v_W2mv_a_i": 10572.671383945186,
    "v_W2mv_b_r": -11710.458438745767,
    "v_W2mv_b_i": -862.2337720507452,
    "v_W2mv_c_r": 6601.9455699934115,
    "v_W2mv_c_i": -9710.437611893121,
    "v_W3mv_a_r": 5111.045574217028,
    "v_W3mv_a_i": 10563.688516001552,
    "v_W3mv_b_r": -11703.945399640574,
    "v_W3mv_b_i": -855.5489508056771,
    "v_W3mv_c_r": 6592.899825422644,
    "v_W3mv_c_i": -9708.139565194553,
    "v_STmv_a_r": 5114.830391011175,
    "v_STmv_a_i": 10550.207148622834,
    "v_STmv_b_r": -11694.162601409998,
    "v_STmv_b_i": -845.5305196242854,
    "v_STmv_c_r": 6579.332210397925,
    "v_STmv_c_i": -9704.676628997226,
    "i_W1lv_a_r": -195.4299733847963,
    "i_W1lv_a_i": 1622.6346176217971,
    "i_W1lv_b_r": -1307.527813169054,
    "i_W1lv_b_i": -980.5646307645403,
    "i_W1lv_c_r": 1502.9577868785568,
    "i_W1lv_c_i": -642.0699873657355,
    "p_W1lv_a": 666666.6675061866,
    "p_W1lv_b": 666666.6675061866,
    "p_W1lv_c": 666666.6675061866,
    "q_W1lv_a": 0.0035435958901265017,
    "q_W1lv_b": 0.0035435958901265017,
    "q_W1lv_c": 0.0035435958901265017,
    "i_W2lv_a_r": -195.1025585290273,
    "i_W2lv_a_i": 1623.1571408854818,
    "i_W2lv_b_r": -1308.1440390187493,
    "i_W2lv_b_i": -980.5423428125821,
    "i_W2lv_c_r": 1503.246597869706,
    "i_W2lv_c_i": -642.6147985809426,
    "p_W2lv_a": 666666.6674981285,
    "p_W2lv_b": 666666.6674981285,
    "p_W2lv_c": 666666.6674981285,
    "q_W2lv_a": 0.003532253957625168,
    "q_W2lv_b": 0.003532253957625168,
    "q_W2lv_c": 0.003532253957625168,
    "i_W3lv_a_r": -194.44969354543855,
    "i_W3lv_a_i": 1624.2047129308096,
    "i_W3lv_b_r": -1309.3776955168744,
    "i_W3lv_b_i": -980.5007311719512,
    "i_W3lv_c_r": 1503.8273893786834,
    "i_W3lv_c_i": -643.7039822660159,
    "p_W3lv_a": 666666.6674820244,
    "p_W3lv_b": 666666.6674820244,
    "p_W3lv_c": 666666.6674820244,
    "q_W3lv_a": 0.0035095761995762587,
    "q_W3lv_b": 0.0035095761995762587,
    "q_W3lv_c": 0.0035095761995762587,
    "i_STlv_a_r": 0.0,
    "i_STlv_a_i": 0.0,
    "i_STlv_b_r": 0.0,
    "i_STlv_b_i": 0.0,
    "i_STlv_c_r": 0.0,
    "i_STlv_c_i": 0.0,
    "p_STlv_a": 0.0,
    "p_STlv_b": 0.0,
    "p_STlv_c": 0.0,
    "q_STlv_a": 0.0,
    "q_STlv_b": 0.0,
    "q_STlv_c": 0.0
}