{
    "v_B2_a_r": 230.60691806062025,
    "v_B2_a_i": -0.18757444891234423,
    "v_B2_b_r": -115.46664441375528,
    "v_B2_b_i": -199.61736531924083,
    "v_B2_c_r": -115.02606631862373,
    "v_B2_c_i": 199.7259650445843,
    "v_B2_n_r": -0.1465881475149362,
    "v_B2_n_i": 0.13951751482601057,
    "v_B3_a_r": 230.8141262351766,
    "v_B3_a_i": -0.0884554984543402,
    "v_B3_b_r": -115.48470509057202,
    "v_B3_b_i": -199.846191587185,
    "v_B3_c_r": -114.64491950994878,
    "v_B3_c_i": 199.4620710608603,
    "v_B3_n_r": -0.7822796665240112,
    "v_B3_n_i": 0.6395197335740171,
    "v_B1_n_r": -0.019301376754716208,
    "v_B1_n_i": 0.039262607749667396,
    "v_B4_n_r": -0.11085747438705998,
    "v_B4_n_i": 0.1882238923026067,
    "i_load_B2_a_r": -130.0085975486545,
    "i_load_B2_a_i": 0.18428654906912748,
    "i_load_B2_b_r": 65.02823965821355,
    "i_load_B2_b_i": 112.6416242815129,
    "i_load_B2_c_r": 64.98682777278556,
    "i_load_B2_c_i": -112.9051968001908,
    "i_load_B2_n_r": -0.006469882344603661,
    "i_load_B2_n_i": 0.07928596960876177,
    "i_load_B3_a_r": -43.17813637659826,
    "i_load_B3_a_i": 0.13572150892545662,
    "i_load_B3_b_r": 21.49951579705584,
    "i_load_B3_b_i": 37.578505435992575,
    "i_load_B3_c_r": 151.831001838974,
    "i_load_B3_c_i": -265.1214410275834,
    "i_load_B3_n_r": -130.1523812594316,
    "i_load_B3_n_i": 227.40721408266535
}