{
    "V_A1_0_r": 200.00000000000003,
    "V_A1_0_i": -115.47005383792515,
    "V_A1_1_r": -199.99999999999997,
    "V_A1_1_i": -115.47005383792524,
    "V_A1_2_r": 1.414100318299876e-14,
    "V_A1_2_i": 230.94010767585033,
    "V_A1_3_r": 0.0,
    "V_A1_3_i": 0.0,
    "V_A2_0_r": 200.00000000000003,
    "V_A2_0_i": -115.47005383792515,
    "V_A2_1_r": -199.99999999999997,
    "V_A2_1_i": -115.47005383792524,
    "V_A2_2_r": 1.414100318299876e-14,
    "V_A2_2_i": 230.94010767585033,
    "V_A2_3_r": 0.0,
    "V_A2_3_i": 0.0,
    "V_A3_0_r": 200.00000000000003,
    "V_A3_0_i": -115.47005383792515,
    "V_A3_1_r": -199.99999999999997,
    "V_A3_1_i": -115.47005383792524,
    "V_A3_2_r": 1.414100318299876e-14,
    "V_A3_2_i": 230.94010767585033,
    "V_A3_3_r": 0.0,
    "V_A3_3_i": 0.0,
    "V_A4_0_r": 200.00000000000003,
    "V_A4_0_i": -115.47005383792515,
    "V_A4_1_r": -199.99999999999997,
    "V_A4_1_i": -115.47005383792524,
    "V_A4_2_r": 1.414100318299876e-14,
    "V_A4_2_i": 230.94010767585033,
    "V_A4_3_r": 0.0,
    "V_A4_3_i": 0.0,
    "omega": 1.0,
    "omega_coi": 1.0
}