{
    "S_base": 100000.0,
    "g_B1_B2": 38.46153846153846,
    "b_B1_B2": -7.692307692307692,
    "bs_B1_B2": 0.0,
    "g_B2_B3": 38.46153846153846,
    "b_B2_B3": -7.692307692307692,
    "bs_B2_B3": 0.0,
    "U_B1_n": 400.0,
    "U_B2_n": 400.0,
    "U_B3_n": 400.0,
    "S_n_B1": 100000.0,
    "Omega_b_B1": 314.1592653589793,
    "K_p_B1": 0.01,
    "T_p_B1": 0.1,
    "T_v_B1": 0.1,
    "X_v_B1": -0.1,
    "R_v_B1": 0.0,
    "K_delta_B1": 0.0,
    "K_sec_B1": 0.5,
    "Droop_B1": 0.05,
    "S_n_B3": 100000.0,
    "Omega_b_B3": 314.1592653589793,
    "K_p_B3": 0.01,
    "T_p_B3": 0.1,
    "T_v_B3": 0.1,
    "X_v_B3": -0.1,
    "R_v_B3": 0.0,
    "K_delta_B3": 1e-05,
    "K_sec_B3": 0.5,
    "Droop_B3": 0.05,
    "K_p_agc": 0.0,
    "K_i_agc": 1.0
}