{
    "delta_B3": 0.0403759925007135,
    "xi_p_B3": 10.0,
    "xi_q_B3": 1.0247970427533546,
    "e_u_B3": 126.0,
    "p_ghr_B3": 0.4,
    "k_cur_B3": 0.5,
    "delta_B4": 0.02038721209050416,
    "xi_p_B4": 10.0,
    "xi_q_B4": 1.0877286947323497,
    "e_u_B4": 126.0,
    "p_ghr_B4": 0.3,
    "k_cur_B4": 0.37499999999999994,
    "delta_B1": 4.116867813219427e-21,
    "Domega_B1": -1.6097654114202226e-17,
    "xi_freq": -16032.181269407876,
    "V_B1": 1.0000024046449236,
    "theta_B1": 5.305352005972524e-06,
    "V_B2": 1.012029482943771,
    "theta_B2": 0.0012148594209004599,
    "V_B3": 1.0240580070834377,
    "theta_B3": 0.0023960004845536664,
    "V_B4": 1.039241518672437,
    "theta_B4": -0.005877825862482424,
    "omega_B3": 1.0,
    "e_qv_B3": 1.0247970427533546,
    "i_d_B3": 0.014775383818955885,
    "i_q_B3": 0.38884365041198854,
    "p_s_B3": 0.39848582303567326,
    "q_s_B3": 3.091195033071504e-25,
    "p_m_B3": 0.39848582303567326,
    "p_t_B3": 0.4,
    "p_u_B3": 1.129492108081843e-25,
    "v_u_B3": 126.0,
    "k_u_B3": 0.005,
    "k_cur_sat_B3": 0.5,
    "p_gou_B3": 0.4,
    "p_f_B3": 1.2686604222522857e-25,
    "omega_B4": 1.0,
    "e_qv_B4": 1.0877286947323497,
    "i_d_B4": 0.48845616986402574,
    "i_q_B4": 0.27292579702851244,
    "p_s_B4": 0.2968692208015835,
    "q_s_B4": 0.5,
    "p_m_B4": 0.2968692208015835,
    "p_t_B4": 0.3,
    "p_u_B4": -3.856164060118774e-25,
    "v_u_B4": 126.0,
    "k_u_B4": 0.005,
    "k_cur_sat_B4": 0.37499999999999994,
    "p_gou_B4": 0.3,
    "p_f_B4": 5.134991367212227e-26,
    "omega_B1": 1.0,
    "i_d_B1": -0.024046308501401784,
    "i_q_B1": -0.05305364763435399,
    "p_s_B1": -0.05305364763435398,
    "q_s_B1": -0.024046647792849773,
    "omega_coi": 1.0,
    "p_agc": -16032.181269407876
}