{
    "V_1": 1.0,
    "theta_1": 0.0,
    "V_2": 1.0,
    "theta_2": 0.0,
    "omega_coi": 1.0,
    "delta_1": 0.9654316164001489,
    "omega_1": 1.0,
    "e1q_1": 0.9534847434286585,
    "e1d_1": 0.5562581181868587,
    "i_q_1": 0.48370271146683363,
    "i_d_1": 0.6989504180695745,
    "p_g_1": 0.85,
    "q_g_1": 0.0,
    "v_f_1": 1.5,
    "x_e_1": 0.5,
    "x_ab_1": 0.0025,
    "v_ref_1": 1.0025,
    "x_lc_1": 0.85,
    "p_m_1": 0.85
}