{
    "V_00_0_r": 55000.00000000001,
    "V_00_0_i": -31754.264805429415,
    "V_00_1_r": -54999.99999999999,
    "V_00_1_i": -31754.26480542944,
    "V_00_2_r": 3.888775875324659e-12,
    "V_00_2_i": 63508.52961085884,
    "V_00_3_r": 0.0,
    "V_00_3_i": 0.0,
    "V_12_0_r": 10000.0,
    "V_12_0_i": -5773.502691896257,
    "V_12_1_r": -9999.999999999998,
    "V_12_1_i": -5773.502691896261,
    "V_12_2_r": 7.070501591499379e-13,
    "V_12_2_i": 11547.005383792515,
    "V_12_3_r": 0.0,
    "V_12_3_i": 0.0,
    "V_13_0_r": 10000.0,
    "V_13_0_i": -5773.502691896257,
    "V_13_1_r": -9999.999999999998,
    "V_13_1_i": -5773.502691896261,
    "V_13_2_r": 7.070501591499379e-13,
    "V_13_2_i": 11547.005383792515,
    "V_13_3_r": 0.0,
    "V_13_3_i": 0.0,
    "omega": 1.0,
    "omega_coi": 1.0
}