{
    "V_MV0_0_r": 10052.342990355211,
    "V_MV0_0_i": 5681.8776595056825,
    "V_MV0_1_r": -105.52110085041204,
    "V_MV0_1_i": -11546.523226954885,
    "V_MV0_2_r": -9946.821889504796,
    "V_MV0_2_i": 5864.6455674492045,
    "V_MV0_3_r": 0.0,
    "V_MV0_3_i": 0.0,
    "V_I01_0_r": 200.00000000000003,
    "V_I01_0_i": -115.47005383792515,
    "V_I01_1_r": -199.99999999999997,
    "V_I01_1_i": -115.47005383792524,
    "V_I01_2_r": 1.414100318299876e-14,
    "V_I01_2_i": 230.94010767585033,
    "V_I01_3_r": 0.0,
    "V_I01_3_i": 0.0,
    "V_I02_0_r": 200.00000000000003,
    "V_I02_0_i": -115.47005383792515,
    "V_I02_1_r": -199.99999999999997,
    "V_I02_1_i": -115.47005383792524,
    "V_I02_2_r": 1.414100318299876e-14,
    "V_I02_2_i": 230.94010767585033,
    "V_I02_3_r": 0.0,
    "V_I02_3_i": 0.0,
    "omega": 1.0,
    "omega_coi": 1.0
}