{
    "p_x": 3.810391054298504e-43,
    "p_y": -5.210002710531666,
    "v_x": 0.0,
    "v_y": 0.0,
    "lam": 28.24374730219359,
    "f_x": 0.0
}