{
    "v_R01_a_r": 389.8481008958138,
    "v_R01_a_i": 0.0,
    "v_R01_b_r": 1.414100318299876e-14,
    "v_R01_b_i": -230.94010767585033,
    "v_R01_c_r": -200.00000000000006,
    "v_R01_c_i": 115.4700538379251,
    "v_R01_n_r": -0.10316548476112075,
    "v_R01_n_i": 0.47700924084711005,
    "v_R11_a_r": 389.8481008958138,
    "v_R11_a_i": 0.0,
    "v_R11_b_r": 1.414100318299876e-14,
    "v_R11_b_i": -230.94010767585033,
    "v_R11_c_r": -200.00000000000006,
    "v_R11_c_i": 115.4700538379251,
    "v_R11_n_r": 0.010208564530330477,
    "v_R11_n_i": -0.05598363853277988,
    "v_R15_a_r": 389.8481008958138,
    "v_R15_a_i": 0.0,
    "v_R15_b_r": 1.414100318299876e-14,
    "v_R15_b_i": -230.94010767585033,
    "v_R15_c_r": -200.00000000000006,
    "v_R15_c_i": 115.4700538379251,
    "v_R15_n_r": 0.14714936587915872,
    "v_R15_n_i": -0.6097678584810637,
    "v_R16_a_r": 389.8481008958138,
    "v_R16_a_i": 0.0,
    "v_R16_b_r": 1.414100318299876e-14,
    "v_R16_b_i": -230.94010767585033,
    "v_R16_c_r": -200.00000000000006,
    "v_R16_c_i": 115.4700538379251,
    "v_R16_n_r": 0.15041959763038903,
    "v_R16_n_i": -0.6967202353735047,
    "v_R17_a_r": 389.8481008958138,
    "v_R17_a_i": 0.0,
    "v_R17_b_r": 1.414100318299876e-14,
    "v_R17_b_i": -230.94010767585033,
    "v_R17_c_r": -200.00000000000006,
    "v_R17_c_i": 115.4700538379251,
    "v_R17_n_r": 0.21180564841779415,
    "v_R17_n_i": -0.9869483482107171,
    "v_R18_a_r": 389.8481008958138,
    "v_R18_a_i": 0.0,
    "v_R18_b_r": 1.414100318299876e-14,
    "v_R18_b_i": -230.94010767585033,
    "v_R18_c_r": -200.00000000000006,
    "v_R18_c_i": 115.4700538379251,
    "v_R18_n_r": 0.23077112837927416,
    "v_R18_n_i": -1.066584144209628,
    "v_R02_a_r": 389.8481008958138,
    "v_R02_a_i": 0.0,
    "v_R02_b_r": 1.414100318299876e-14,
    "v_R02_b_i": -230.94010767585033,
    "v_R02_c_r": -200.00000000000006,
    "v_R02_c_i": 115.4700538379251,
    "v_R02_n_r": -0.048575018630799605,
    "v_R02_n_i": 0.22049583341140533,
    "v_R03_a_r": 389.8481008958138,
    "v_R03_a_i": 0.0,
    "v_R03_b_r": 1.414100318299876e-14,
    "v_R03_b_i": -230.94010767585033,
    "v_R03_c_r": -200.00000000000006,
    "v_R03_c_i": 115.4700538379251,
    "v_R03_n_r": 0.005862357742444146,
    "v_R03_n_i": -0.03600861482482287,
    "v_R04_a_r": 389.8481008958138,
    "v_R04_a_i": 0.0,
    "v_R04_b_r": 1.414100318299876e-14,
    "v_R04_b_i": -230.94010767585033,
    "v_R04_c_r": -200.00000000000006,
    "v_R04_c_i": 115.4700538379251,
    "v_R04_n_r": 0.0568589610629715,
    "v_R04_n_i": -0.27492381264892174,
    "v_R05_a_r": 389.8481008958138,
    "v_R05_a_i": 0.0,
    "v_R05_b_r": 1.414100318299876e-14,
    "v_R05_b_i": -230.94010767585033,
    "v_R05_c_r": -200.00000000000006,
    "v_R05_c_i": 115.4700538379251,
    "v_R05_n_r": 0.09354696555965347,
    "v_R05_n_i": -0.4480654493381735,
    "v_R06_a_r": 389.8481008958138,
    "v_R06_a_i": 0.0,
    "v_R06_b_r": 1.414100318299876e-14,
    "v_R06_b_i": -230.94010767585033,
    "v_R06_c_r": -200.00000000000006,
    "v_R06_c_i": 115.4700538379251,
    "v_R06_n_r": 0.13023497005997342,
    "v_R06_n_i": -0.6212070860237873,
    "v_R07_a_r": 389.8481008958138,
    "v_R07_a_i": 0.0,
    "v_R07_b_r": 1.414100318299876e-14,
    "v_R07_b_i": -230.94010767585033,
    "v_R07_c_r": -200.00000000000006,
    "v_R07_c_i": 115.4700538379251,
    "v_R07_n_r": 0.15243849881153437,
    "v_R07_n_i": -0.7259459193046496,
    "v_R08_a_r": 389.8481008958138,
    "v_R08_a_i": 0.0,
    "v_R08_b_r": 1.414100318299876e-14,
    "v_R08_b_i": -230.94010767585033,
    "v_R08_c_r": -200.00000000000006,
    "v_R08_c_i": 115.4700538379251,
    "v_R08_n_r": 0.1746420275485434,
    "v_R08_n_i": -0.8306847526073398,
    "v_R09_a_r": 389.8481008958138,
    "v_R09_a_i": 0.0,
    "v_R09_b_r": 1.414100318299876e-14,
    "v_R09_b_i": -230.94010767585033,
    "v_R09_c_r": -200.00000000000006,
    "v_R09_c_i": 115.4700538379251,
    "v_R09_n_r": 0.19742075589238084,
    "v_R09_n_i": -0.9354628006731218,
    "v_R10_a_r": 389.8481008958138,
    "v_R10_a_i": 0.0,
    "v_R10_b_r": 1.414100318299876e-14,
    "v_R10_b_i": -230.94010767585033,
    "v_R10_c_r": -200.00000000000006,
    "v_R10_c_i": 115.4700538379251,
    "v_R10_n_r": 0.21040612808428705,
    "v_R10_n_i": -0.99571938794179,
    "v_R12_a_r": 389.8481008958138,
    "v_R12_a_i": 0.0,
    "v_R12_b_r": 1.414100318299876e-14,
    "v_R12_b_i": -230.94010767585033,
    "v_R12_c_r": -200.00000000000006,
    "v_R12_c_i": 115.4700538379251,
    "v_R12_n_r": 0.07923869158912566,
    "v_R12_n_i": -0.35850179715271224,
    "v_R13_a_r": 389.8481008958138,
    "v_R13_a_i": 0.0,
    "v_R13_b_r": 1.414100318299876e-14,
    "v_R13_b_i": -230.94010767585033,
    "v_R13_c_r": -200.00000000000006,
    "v_R13_c_i": 115.4700538379251,
    "v_R13_n_r": 0.10161842213346972,
    "v_R13_n_i": -0.4420797816637787,
    "v_R14_a_r": 389.8481008958138,
    "v_R14_a_i": 0.0,
    "v_R14_b_r": 1.414100318299876e-14,
    "v_R14_b_i": -230.94010767585033,
    "v_R14_c_r": -200.00000000000006,
    "v_R14_c_i": 115.4700538379251,
    "v_R14_n_r": 0.1243838940099522,
    "v_R14_n_i": -0.5259238200742402,
    "i_load_R01_a_r": -189.57601731973898,
    "i_load_R01_a_i": 225.11489961666334,
    "i_load_R01_b_r": 289.74455058580776,
    "i_load_R01_b_i": 51.68359309451269,
    "i_load_R01_c_r": -100.05476145611684,
    "i_load_R01_c_i": -276.736056794096,
    "i_load_R01_n_r": -0.1137718099519418,
    "i_load_R01_n_i": -0.062435917080051695,
    "i_load_R11_a_r": -14.569030876854809,
    "i_load_R11_a_i": 17.30330365385656,
    "i_load_R11_b_r": 22.20643994015135,
    "i_load_R11_b_i": 3.8790676088838376,
    "i_load_R11_c_r": -7.676330836313289,
    "i_load_R11_c_i": -21.077474887041898,
    "i_load_R11_n_r": 0.038921773016749484,
    "i_load_R11_n_i": -0.10489637569849819,
    "i_load_R15_a_r": -53.84394294905321,
    "i_load_R15_a_i": 62.74207482352079,
    "i_load_R15_b_r": 80.76104343098326,
    "i_load_R15_b_i": 14.560605774645156,
    "i_load_R15_c_r": -27.261641076915794,
    "i_load_R15_c_i": -76.50460163285216,
    "i_load_R15_n_r": 0.3445405949857374,
    "i_load_R15_n_i": -0.7980789653137919,
    "i_load_R16_a_r": -55.210804555546716,
    "i_load_R16_a_i": 65.47161816724841,
    "i_load_R16_b_r": 83.75724666273744,
    "i_load_R16_b_i": 14.31726481134907,
    "i_load_R16_c_r": -28.920018677933786,
    "i_load_R16_c_i": -78.91813054960625,
    "i_load_R16_n_r": 0.37357657074305806,
    "i_load_R16_n_i": -0.8707524289912385,
    "i_load_R17_a_r": -35.43457151900242,
    "i_load_R17_a_i": 42.13046921333376,
    "i_load_R17_b_r": 53.75677629014802,
    "i_load_R17_b_i": 9.006340972348829,
    "i_load_R17_c_r": -18.627687266956407,
    "i_load_R17_c_i": -50.43774200169175,
    "i_load_R17_n_r": 0.3054824958108071,
    "i_load_R17_n_i": -0.699068183990839,
    "i_load_R18_a_r": -47.846741723184145,
    "i_load_R18_a_i": 56.83530604275581,
    "i_load_R18_b_r": 72.5050609427466,
    "i_load_R18_b_i": 12.138252980410432,
    "i_load_R18_c_r": -25.096605770097838,
    "i_load_R18_c_i": -67.97616205580938,
    "i_load_R18_n_r": 0.4382865505353877,
    "i_load_R18_n_i": -0.9973969673568632
}