{
    "delta_2": 1.669114812235618e-36,
    "Domega_2": 7.590163687850064e-42,
    "Dv_2": 3.7159851927385833e-32,
    "x_0_p_1": 86.47967064735016,
    "x_1_p_1": 864.7967182222012,
    "x_2_p_1": 864.7967167167517,
    "x_3_p_1": 864.7967173240681,
    "x_4_p_1": -864.7967161937133,
    "x_5_p_1": -864.7967137547669,
    "x_6_p_1": -86.4796721976696,
    "x_0_q_1": 0.0,
    "x_1_q_1": 0.0,
    "x_2_q_1": 0.0,
    "x_3_q_1": 0.0,
    "x_4_q_1": 0.0,
    "x_5_q_1": 0.0,
    "x_6_q_1": 0.0,
    "xi_freq": 1.7580720908062237e-25,
    "V_1": 0.9999999998830001,
    "theta_1": 1.5297041859586336e-05,
    "V_2": 0.9999999999954567,
    "theta_2": 2.9994199720136733e-07,
    "omega_2": 1.0,
    "i_d_2": 4.5882282257937086e-09,
    "i_q_2": -0.0002999419972000001,
    "p_s_2": -0.00029994199720000006,
    "q_s_2": 4.498263024088332e-09,
    "v_dc_1": 1.3701961652442323,
    "i_sq_ref_1": 0.9998066574503107,
    "i_sd_ref_1": 0.0,
    "i_sr_1": 0.9998066573333335,
    "i_si_1": 1.5294084290581144e-05,
    "p_s_1": 0.9998066573333335,
    "q_s_1": 6.671100783242746e-16,
    "omega_coi": 1.0,
    "p_agc": 0.0
}