{
    "buses": [
        {
            "N_nodes": 3,
            "U_kV": 20.0,
            "bus": "I00",
            "deg_an": 0.0,
            "deg_bn": -119.99999999999999,
            "deg_cn": 120.00000000000004,
            "deg_ng": 0.0,
            "p_a": 33351.257691765655,
            "p_b": 32925.932475815076,
            "p_c": 33177.93399793332,
            "pos_x": 0,
            "pos_y": 20,
            "q_a": 19348.133874291725,
            "q_b": 19302.70920895146,
            "q_c": 18957.079099738286,
            "units": "m",
            "v_ab": 19999.99067499782,
            "v_an": 11547.0,
            "v_bc": 19999.990674997825,
            "v_bn": 11547.0,
            "v_ca": 19999.99067499783,
            "v_cn": 11547.0,
            "v_ng": 0.0
        },
        {
            "N_nodes": 4,
            "U_kV": 0.4,
            "bus": "I01",
            "deg_an": -31.34383741598995,
            "deg_bn": -151.32688194194245,
            "deg_cn": 88.68521193240554,
            "deg_ng": 96.40576350822448,
            "p_a": 0.0,
            "p_b": -0.0,
            "p_c": 0.0,
            "pos_x": 0,
            "pos_y": 0,
            "q_a": -0.0,
            "q_b": 0.0,
            "q_c": 0.0,
            "units": "m",
            "v_ab": 391.2467206672465,
            "v_an": 225.91252044968078,
            "v_bc": 391.2922027529513,
            "v_bn": 225.89888044910015,
            "v_ca": 391.38512340675067,
            "v_cn": 225.95397085653357,
            "v_ng": 0.0676517536134637
        },
        {
            "N_nodes": 4,
            "U_kV": 0.4,
            "bus": "I02",
            "deg_an": -28.025341860462248,
            "deg_bn": -148.45843236040486,
            "deg_cn": 91.60346292627418,
            "deg_ng": -83.59423649343616,
            "p_a": -28333.333335939395,
            "p_b": -28333.333325891002,
            "p_c": -28333.33333826515,
            "pos_x": 0,
            "pos_y": -200,
            "q_a": -17559.422923491937,
            "q_b": -17559.422926128485,
            "q_c": -17559.42291452118,
            "units": "m",
            "v_ab": 347.3157707490811,
            "v_an": 199.5433003518714,
            "v_bc": 349.136363845835,
            "v_bn": 200.63157848612087,
            "v_ca": 347.6516688042501,
            "v_cn": 202.64051603397925,
            "v_ng": 0.9020233815392008
        }
    ],
    "grid_formers": [
        {
            "bus": "I00",
            "bus_nodes": [
                1,
                2,
                3
            ],
            "deg": [
                0,
                -120,
                -240
            ],
            "kV": [
                11.547,
                11.547,
                11.547
            ]
        }
    ],
    "line_codes": {
        "OH1": {
            "I_max": 300.0,
            "R": [
                [
                    0.54,
                    0.049,
                    0.049,
                    0.049
                ],
                [
                    0.049,
                    0.54,
                    0.049,
                    0.049
                ],
                [
                    0.049,
                    0.049,
                    0.54,
                    0.049
                ],
                [
                    0.049,
                    0.049,
                    0.049,
                    0.54
                ]
            ],
            "X": [
                [
                    0.777,
                    0.505,
                    0.462,
                    0.436
                ],
                [
                    0.505,
                    0.777,
                    0.505,
                    0.462
                ],
                [
                    0.462,
                    0.505,
                    0.777,
                    0.505
                ],
                [
                    0.436,
                    0.462,
                    0.5,
                    0.777
                ]
            ]
        },
        "OH2": {
            "I_max": 300.0,
            "R": [
                [
                    1.369,
                    0.049,
                    0.049,
                    0.049
                ],
                [
                    0.049,
                    1.369,
                    0.049,
                    0.049
                ],
                [
                    0.049,
                    0.049,
                    1.369,
                    0.049
                ],
                [
                    0.049,
                    0.049,
                    0.049,
                    1.369
                ]
            ],
            "X": [
                [
                    0.812,
                    0.505,
                    0.462,
                    0.436
                ],
                [
                    0.505,
                    0.812,
                    0.505,
                    0.462
                ],
                [
                    0.462,
                    0.505,
                    0.812,
                    0.505
                ],
                [
                    0.436,
                    0.462,
                    0.505,
                    0.812
                ]
            ]
        },
        "OH3": {
            "I_max": 300.0,
            "R": [
                [
                    2.065,
                    0.049,
                    0.049,
                    0.049
                ],
                [
                    0.049,
                    2.065,
                    0.049,
                    0.049
                ],
                [
                    0.049,
                    0.049,
                    2.065,
                    0.049
                ],
                [
                    0.049,
                    0.049,
                    0.049,
                    2.065
                ]
            ],
            "X": [
                [
                    0.825,
                    0.505,
                    0.462,
                    0.436
                ],
                [
                    0.505,
                    0.825,
                    0.505,
                    0.462
                ],
                [
                    0.462,
                    0.505,
                    0.825,
                    0.505
                ],
                [
                    0.436,
                    0.462,
                    0.505,
                    0.825
                ]
            ]
        },
        "UG1": {
            "I_max": 200.0,
            "R": [
                [
                    0.211,
                    0.049,
                    0.049,
                    0.049
                ],
                [
                    0.049,
                    0.211,
                    0.049,
                    0.049
                ],
                [
                    0.049,
                    0.049,
                    0.211,
                    0.049
                ],
                [
                    0.049,
                    0.049,
                    0.049,
                    0.211
                ]
            ],
            "X": [
                [
                    0.747,
                    0.673,
                    0.651,
                    0.673
                ],
                [
                    0.673,
                    0.747,
                    0.673,
                    0.651
                ],
                [
                    0.651,
                    0.673,
                    0.747,
                    0.673
                ],
                [
                    0.673,
                    0.651,
                    0.673,
                    0.747
                ]
            ]
        },
        "UG1dc": {
            "I_max": 300.0,