{
    "v_I02_a_r": 389.8481008958138,
    "v_I02_a_i": 0.0,
    "v_I02_b_r": 1.414100318299876e-14,
    "v_I02_b_i": -230.94010767585033,
    "v_I02_c_r": -200.00000000000006,
    "v_I02_c_i": 115.4700538379251,
    "v_I02_n_r": -0.0011569253401830792,
    "v_I02_n_i": -0.09285077991808066,
    "v_I01_a_r": 389.8481008958138,
    "v_I01_a_i": 0.0,
    "v_I01_b_r": 1.414100318299876e-14,
    "v_I01_b_i": -230.94010767585033,
    "v_I01_c_r": -200.00000000000006,
    "v_I01_c_i": 115.4700538379251,
    "v_I01_n_r": 8.676940342411399e-05,
    "v_I01_n_i": 0.006963808482396416,
    "i_load_I02_a_r": -69.8854478815075,
    "i_load_I02_a_i": 129.79057210206568,
    "i_load_I02_b_r": 147.27801302671037,
    "i_load_I02_b_i": -4.483173110076068,
    "i_load_I02_c_r": -77.4535069050799,
    "i_load_I02_c_i": -125.19324449689051,
    "i_load_I02_n_r": 0.0609417598770392,
    "i_load_I02_n_i": -0.11415449509910047
}