{
    "x_dummy": 1.0,
    "v_I02_a_r": 195.83337025840692,
    "v_I02_a_i": -112.53693882950176,
    "v_I02_b_r": -196.00082447121898,
    "v_I02_b_i": -113.04100957433229,
    "v_I02_c_r": -0.34873635818898824,
    "v_I02_c_i": 226.64959221205302,
    "v_I02_n_r": -0.17476906496941158,
    "v_I02_n_i": 0.22671594964015343,
    "v_I01_a_r": 197.94546205408128,
    "v_I01_a_i": -115.62407858984301,
    "v_I01_b_r": -199.64076783027042,
    "v_I01_b_i": -113.27406994621538,
    "v_I01_c_r": 1.1851157923805584,
    "v_I01_c_i": 229.87306015120092,
    "v_I01_n_r": -0.16951183680819423,
    "v_I01_n_i": 0.32510862397960666,
    "i_t_I00_I01_a_r": 2.5075719272671813,
    "i_t_I00_I01_a_i": -1.5504244403413814,
    "i_t_I00_I01_b_r": -2.5949990060911303,
    "i_t_I00_I01_b_i": -1.3938715793072174,
    "i_t_I00_I01_c_r": 0.08742707882394632,
    "i_t_I00_I01_c_i": 2.94429601964855,
    "i_load_I02_a_r": -69.88385504373817,
    "i_load_I02_a_i": 129.78941585538297,
    "i_load_I02_b_r": 147.27824403926948,
    "i_load_I02_b_i": -4.481279342999256,
    "i_load_I02_c_r": -77.45526216775755,
    "i_load_I02_c_i": -125.1940990723172,
    "i_load_I02_n_r": 0.06087317222623518,
    "i_load_I02_n_i": -0.11403744006651653
}