{
    "delta_2": -2.8045348342871035e-31,
    "Domega_2": -4.106475490017638e-37,
    "Dv_2": -3.9538051550945315e-32,
    "p_w_mppt_lpf_1": 0.6912001010915837,
    "xi_beta_1": 5.850207106190758,
    "beta_1": 5.850207164692828,
    "theta_tr_1": 0.00043770757735189233,
    "omega_t_1": 1.200000058502071,
    "omega_r_1": 1.200000058502071,
    "v_dc_1": 1.1803089524248114,
    "xi_freq": -2.4434996629451124e-19,
    "V_1": 0.9887978977176953,
    "theta_1": -0.049905600319986365,
    "V_2": 0.9999950378250787,
    "theta_2": -9.944716271624045e-05,
    "omega_2": 1.0,
    "i_d_2": 0.004967119765873062,
    "i_q_2": 0.0994466690781067,
    "p_s_2": 0.0994466690781067,
    "q_s_2": 0.004957205453603564,
    "i_mq_ref_1": 0.5760000561619895,
    "v_md_1": -0.03456000505457918,
    "v_mq_1": 1.194240057940451,
    "i_md_1": 2.411162073701491e-16,
    "i_mq_1": 0.5760000561619895,
    "tau_r_1": 0.5760000561619895,
    "p_s_ref_1": -98.45523787594286,
    "i_sd_ref_1": 0.0,
    "i_sq_ref_1": -99.57063835106587,
    "v_td_ref_1": -4.978531917553293,
    "v_tq_ref_1": -0.006908485792963172,
    "i_si_1": 4.967070076826846,
    "i_sr_1": -99.44667031374472,
    "p_s_1": -98.45523787594284,
    "q_s_1": -2.7274271656212248e-15,
    "omega_coi": 1.0,
    "p_agc": 0.0
}