{
    "delta_2": -6.252176665425717e-36,
    "Domega_2": -3.762690138362526e-42,
    "Dv_2": -5.81630266100014e-33,
    "x_0_pq_1": -5.939874371997312,
    "x_1_pq_1": 5.9398743796861195,
    "x_2_pq_1": 0.0,
    "x_3_pq_1": 0.0,
    "xi_freq": 3.7768070274537337e-25,
    "V_1": 0.9999999998919967,
    "theta_1": 1.4697157864916457e-05,
    "V_2": 1.0000000000044533,
    "theta_2": -2.999419971986689e-07,
    "omega_2": 1.0,
    "v_dc_1": 1.3701961652442325,
    "i_sq_ref_1": 0.999806657441316,
    "i_sd_ref_1": 0.0,
    "i_sr_1": 0.9998066573333337,
    "i_si_1": 1.4694316279947177e-05,
    "p_s_1": 0.9998066573333336,
    "q_s_1": 1.6667135984274819e-15,
    "omega_coi": 1.0,
    "p_agc": 0.0
}