{
    "delta": 2.531101389769979,
    "omega": 1.0,
    "e1q": -0.3564642123149483,
    "e1d": 0.3539917435627278,
    "i_d": 1.3198449697302956,
    "i_q": 0.3189114806871422,
    "v_1": 0.9371143483445696,
    "theta_1": 0.02643114368984073,
    "p_m": 0.5008534791903915,
    "v_f": 1.6365016919777982
}