{
    "delta": 0.4864493219647746,
    "omega": 1.0,
    "e1q": 1.3776543105641863,
    "e1d": 0.28119210184149546,
    "v_c": 1.100000005453905,
    "v_d": 0.442157423560109,
    "v_q": 1.0072223418825421,
    "i_d": 1.2322399667600619,
    "i_q": 0.25332621787522114,
    "p_e": 0.8047477017823702,
    "p_m": 0.8047477017823702,
    "q_t": 1.1291295389155342,
    "v_ref": 1.1064766787746487,
    "theta_t": 0.07279153160107113,
    "v_f": 3.2383366603718797
}