{
    "delta_1": -0.7816175817591524,
    "omega_1": 1.0,
    "e1q_1": 1.3538052378313314,
    "e1d_1": 9.665112053144201e-30,
    "x_gov_1_1": 2.4175359382966033e-29,
    "x_gov_2_1": 2.4175359382966033e-29,
    "xi_imw_1": 2.4175359382966033e-29,
    "delta_2": 1.0083604113983447e-31,
    "omega_2": 1.0,
    "e1q_2": 0.8350859698350148,
    "e1d_2": 0.46946216565856236,
    "v_c_2": 1.0,
    "xi_v_2": 1400938.7542022837,
    "x_gov_1_2": 0.5565025883448813,
    "x_gov_2_2": 0.5565025883448813,
    "xi_imw_2": -7.783633513710434e-33,
    "xi_freq": 556.5025883448812,
    "V_1": 1.0246250610420533,
    "theta_1": -0.7709065011735834,
    "V_2": 1.0,
    "theta_2": -0.7657036964543884,
    "i_d_1": 1.0974631747791124,
    "i_q_1": 8.40444526667016e-30,
    "p_g_1": -0.012044254199962487,
    "q_g_1": 1.1244237683440896,
    "p_m_ref_1": 2.4175359382966033e-29,
    "p_m_1": 2.4175359382966033e-29,
    "i_d_2": 0.3772351895781792,
    "i_q_2": 0.40822797013788037,
    "p_g_2": 0.5557301971852338,
    "q_g_2": -0.010973230856955946,
    "v_f_2": 1.4009387542022838,
    "p_m_ref_2": 0.5565025883448813,
    "p_m_2": 0.5565025883448813,
    "omega_coi": 1.0,
    "p_agc": 55.65025883448813
}