{
    "V_1": 1.0,
    "theta_1": 0.0,
    "V_2": 1.0,
    "theta_2": 0.0,
    "omega_coi": 1.0,
    "delta_1": 0.9367736071314746,
    "omega_1": 1.0,
    "e1q_1": 0.946876896043265,
    "e1d_1": 0.5449992144393166,
    "i_q_1": 0.47391236038201434,
    "i_d_1": 0.6445208101195398,
    "p_g_1": 0.8,
    "q_g_1": 0.0,
    "v_f_1": 1.5,
    "v_r_1": 1.0,
    "xi_v_1": 10000.0,
    "x_cb_1": 2.0,
    "V_dummy_2": 1.0
}