{
    "buses": [
        {
            "N_nodes": 4,
            "U_kV": 0.4,
            "bus": "B1",
            "deg_an": -36.375653207350695,
            "deg_bn": -156.3756532073511,
            "deg_cn": 83.6243467926483,
            "deg_ng": 71.37297633557625,
            "p_a": 0.0,
            "p_b": -0.0,
            "p_c": 0.0,
            "pos_x": 0,
            "pos_y": 0,
            "q_a": -0.0,
            "q_b": 0.0,
            "q_c": 0.0,
            "units": "m",
            "v_ab": 400.0000000000022,
            "v_an": 230.94010767585138,
            "v_bc": 400.00000000000125,
            "v_bn": 230.94010767585087,
            "v_ca": 399.9999999999984,
            "v_cn": 230.94010767584976,
            "v_ng": 4.064487758248889e-15
        },
        {
            "N_nodes": 4,
            "U_kV": 0.4,
            "bus": "B2",
            "deg_an": -36.375653207350695,
            "deg_bn": -156.3756532073511,
            "deg_cn": 83.62434679264828,
            "deg_ng": 91.61007061163912,
            "p_a": 2.2737367544323396e-09,
            "p_b": 2.2737367544323305e-09,
            "p_c": 9.094947017729239e-10,
            "pos_x": 20,
            "pos_y": 0,
            "q_a": 5.684341886080855e-10,
            "q_b": 5.684341886080831e-10,
            "q_c": 2.2737367544323108e-10,
            "units": "m",
            "v_ab": 400.00000000000205,
            "v_an": 230.9401076758513,
            "v_bc": 400.0000000000012,
            "v_bn": 230.94010767585084,
            "v_ca": 399.9999999999983,
            "v_cn": 230.9401076758497,
            "v_ng": 1.8800441790117493e-14
        },
        {
            "N_nodes": 4,
            "U_kV": 0.4,
            "bus": "B3",
            "deg_an": -36.3756532073507,
            "deg_bn": -156.37565320735112,
            "deg_cn": 83.62434679264828,
            "deg_ng": -88.38992938836394,
            "p_a": 7.57912251477447e-10,
            "p_b": 7.579122514774436e-10,
            "p_c": 2.1221543041368228e-09,
            "pos_x": 120,
            "pos_y": 0,
            "q_a": 1.894780628693618e-10,
            "q_b": 1.894780628693612e-10,
            "q_c": 5.305385760342057e-10,
            "units": "m",
            "v_ab": 400.000000000002,
            "v_an": 230.94010767585118,
            "v_bc": 400.0000000000011,
            "v_bn": 230.94010767585073,
            "v_ca": 399.99999999999824,
            "v_cn": 230.94010767584976,
            "v_ng": 1.8800441790117493e-14
        },
        {
            "N_nodes": 4,
            "U_kV": 0.4,
            "bus": "B4",
            "deg_an": -36.37565320735071,
            "deg_bn": -156.3756532073511,
            "deg_cn": 83.62434679264828,
            "deg_ng": -108.62702366442679,
            "p_a": 0.0,
            "p_b": -0.0,
            "p_c": 0.0,
            "pos_x": 140,
            "pos_y": 0,
            "q_a": -0.0,
            "q_b": 0.0,
            "q_c": 0.0,
            "units": "m",
            "v_ab": 400.0000000000019,
            "v_an": 230.94010767585115,
            "v_bc": 400.000000000001,
            "v_bn": 230.94010767585067,
            "v_ca": 399.9999999999981,
            "v_cn": 230.94010767584967,
            "v_ng": 4.064487758248889e-15
        }
    ],
    "grid_formers": [],
    "line_codes": {
        "lv_cu_150": {
            "Rn": 0.167,
            "Rph": 0.167,
            "Xn": 0.08,
            "Xph": 0.08
        }
    },
    "lines": [
        {
            "bus_j": "B1",
            "bus_j_nodes": [
                1,
                2,
                3,
                4
            ],
            "bus_k": "B2",
            "bus_k_nodes": [
                1,
                2,
                3,
                4
            ],
            "code": "lv_cu_150",
            "deg_j_a": -71.56505117707799,
            "deg_j_b": 153.434948822922,
            "deg_j_c": 90.0,
            "deg_j_n": -108.62702366442376,
            "deg_k_a": -71.56505117707799,
            "deg_k_b": 153.434948822922,
            "deg_k_c": 90.0,
            "deg_k_n": -108.62702366442376,
            "i_j_a_m": 2.300859821966427e-11,
            "i_j_b_m": 8.134767913360665e-12,
            "i_j_c_m": 7.275957614183426e-12,
            "i_j_n_m": 4.06448775824889e-12,
            "i_k_a_m": 2.300859821966427e-11,
            "i_k_b_m": 8.134767913360665e-12,
            "i_k_c_m": 7.275957614183426e-12,
            "i_k_n_m": 4.06448775824889e-12,
            "m": 20.0,
            "type": "z"
        },
        {
            "bus_j": "B2",
            "bus_j_nodes": [
                1,
                2,
                3,
                4
            ],
            "bus_k": "B3",
            "bus_k_nodes": [
                1,
                2,
                3,
                4
            ],
            "code": "lv_cu_150",
            "deg_j_a": -33.690067525979785,
            "deg_j_b": -165.96375653207352,
            "deg_j_c": 180.0,
            "deg_j_n": 66.01369634949334,
            "deg_k_a": -33.690067525979785,
            "deg_k_b": -165.96375653207352,
            "deg_k_c": 180.0,
            "deg_k_n": 66.01369634949334,
            "i_j_a_m": 6.558459564010244e-12,
            "i_j_b_m": 7.499885442698834e-12,
            "i_j_c_m": 9.094947017729282e-13,
            "i_j_n_m": 2.0305825078735415e-12,
            "i_k_a_m": 6.558459564010244e-12,
            "i_k_b_m": 7.499885442698834e-12,
            "i_k_c_m": 9.094947017729282e-13,
            "i_k_n_m": 2.0305825078735415e-12,
            "m": 100.0,
            "type": "z"
        },
        {
            "bus_j": "B3",
            "bus_j_nodes": [
                1,
                2,
                3,
                4
            ],
            "bus_k": "B4",
            "bus_k_nodes": [
                1,
                2,
                3,
                4
            ],
            "code": "lv_cu_150",
            "deg_j_a": 0.0,
            "deg_j_b": 180.0,
            "deg_j_c": 90.0,
            "deg_j_n": -108.6270236644268,
            "deg_k_a": 0.0,
            "deg_k_b": 180.0,
            "deg_k_c": 90.0,
            "deg_k_n": -108.6270236644268,
            "i_j_a_m": 1.0913936421275139e-11,
            "i_j_b_m": 1.4551915228366852e-11,
            "i_j_c_m": 1.4551915228366852e-11,
            "i_j_n_m": 4.064487758248889e-12,
            "i_k_a_m": 1.0913936421275139e-11,
            "i_k_b_m": 1.4551915228366852e-11,
            "i_k_c_m": 1.4551915228366852e-11,
            "i_k_n_m": 4.064487758248889e-12,
            "m": 20.0,
            "type": "z"
        }
    ],
    "loads": [
        {
            "bus": "B2",
            "bus_nodes": [
                1,
                2,
                3,
                4
            ],
            "kVA": [
                30.0,
                30.0,
                30.0
            ],
            "pf": [
                1,
                1,
                1
            ],
            "type": "3P+N"
        },
        {
            "bus": "B3",
            "bus_nodes": [
                1,
                2,
                3,
                4
            ],
            "kVA": [
                10.0,
                10.0,
                70.0
            ],
            "pf": [
                1,
                1,
                1
            ],
            "type": "3P+N"
        }
    ],
    "shunts": [
        {
            "R": 0.001,
            "X": 0.0,
            "bus": "B1",
            "bus_nodes": [
                4,
                0
            ]
        },
        {
            "R": 0.001,
            "X": 0.0,
            "bus": "B4",
            "bus_nodes": [
                4,
                0
            ]
        }
    ]
}