{
    "delta_2": -5.896927552129729e-31,
    "Domega_2": 5.092554710121655e-37,
    "Dv_2": -2.6253858112123895e-28,
    "v_dc_1": 1.3572669323310005,
    "xi_freq": -8.36489513672713e-16,
    "V_1": 1.0000725823800931,
    "theta_1": 0.0003705891595747392,
    "V_2": 0.9999999968335314,
    "theta_2": 7.266404347668858e-06,
    "omega_2": 1.0,
    "i_d_2": 3.192868961164648e-06,
    "i_q_2": -0.007266404324596072,
    "p_s_2": -0.007266404324596072,
    "q_s_2": 3.140068319161727e-06,
    "i_pv_1": 3.813420104670249,
    "p_s_ref_1": 0.7266932331000452,
    "i_sd_ref_1": 2.938735877055719e-39,
    "i_sq_ref_1": 0.7266404918036782,
    "v_td_ref_1": 0.03633202459018391,
    "v_tq_ref_1": 1.0073389872981298,
    "i_si_1": 0.00026928508300882716,
    "i_sr_1": 0.7266404419066109,
    "p_s_1": 0.7266932331000449,
    "q_s_1": -2.09794018704089e-15,
    "omega_coi": 1.0,
    "p_agc": 0.0
}