{
    "delta_GRID": 3.3103305486868047e-12,
    "xi_p_GRID": 5.12328050409328e-16,
    "e_qv_GRID": 1.1,
    "xi_freq": -4201.213600884581,
    "V_W1lv": 1.0999999999999992,
    "theta_W1lv": 3.3077512934490113e-12,
    "V_W2lv": 1.100000000000004,
    "theta_W2lv": 3.3085242466004664e-12,
    "V_W3lv": 1.1000000000000023,
    "theta_W3lv": 3.3069828124538424e-12,
    "V_STlv": 1.0999999999999983,
    "theta_STlv": 3.3069192864595992e-12,
    "V_POIlv": 1.0,
    "theta_POIlv": 0.0,
    "V_W1mv": 1.1000000000000016,
    "theta_W1mv": 3.3092504138737375e-12,
    "V_W2mv": 1.1000000000000019,
    "theta_W2mv": 3.309223818901673e-12,
    "V_W3mv": 1.1000000000000019,
    "theta_W3mv": 3.3091949190938735e-12,
    "V_POImv": 1.1000000000000016,
    "theta_POImv": 3.3091282669577065e-12,
    "V_STmv": 1.1000000000000014,
    "theta_STmv": 3.309056689395811e-12,
    "V_POI": 1.1000000000000008,
    "theta_POI": 3.3097690200934306e-12,
    "V_GRID": 1.1000000000000003,
    "theta_GRID": 3.3102558932955304e-12,
    "omega_GRID": 1.0,
    "i_d_GRID": -4.020060600716533e-15,
    "i_q_GRID": -3.346777157499919e-16,
    "p_g_GRID": -4.3556520303009074e-16,
    "q_g_GRID": -4.462162783284111e-15,
    "p_m_GRID": -2.403685170673612e-16,
    "omega_coi": 1.0,
    "p_agc": -42.012136008845815
}