{
    "delta_GRID": -1.3117175020539739e-23,
    "xi_p_GRID": 9.490729267474738e-16,
    "e_qv_GRID": 0.9999110320753056,
    "xi_freq": -3.3635110025167623,
    "V_W1lv": 1.113723717094886,
    "theta_W1lv": 0.060551804409779815,
    "V_W2lv": 1.113025192021816,
    "theta_W2lv": 0.06024450926707563,
    "V_W3lv": 1.111628033661664,
    "theta_W3lv": 0.059628677769385255,
    "V_STlv": 1.055493655661087,
    "theta_STlv": 0.050162759248281244,
    "V_W1mv": 1.0598884250758127,
    "theta_W1mv": 0.05208016275087571,
    "V_W2mv": 1.0591561636486246,
    "theta_W2mv": 0.05176168995478876,
    "V_W3mv": 1.0576914004457563,
    "theta_W3mv": 0.051123433867605914,
    "V_POImv": 1.0554936556610872,
    "theta_POImv": 0.05016275924828131,
    "V_STmv": 1.0554936556610872,
    "theta_STmv": 0.05016275924828126,
    "V_POI": 1.0218880544567521,
    "theta_POI": 0.043238526791740284,
    "V_GRID": 1.0018210754826895,
    "theta_GRID": 0.033785563914512436,
    "omega_GRID": 1.0,
    "i_d_GRID": 0.020254839912189498,
    "i_q_GRID": -0.33638102737358816,
    "p_g_GRID": -0.33748672479284403,
    "q_g_GRID": 0.008896792469439583,
    "p_m_GRID": -0.33635110025167625,
    "omega_coi": 1.0,
    "p_agc": -3.3635110025167623
}