{
    "v_B2lv_a_r": 706.2465560878422,
    "v_B2lv_a_i": -440.42515826989603,
    "v_B2lv_b_r": -734.5426535714332,
    "v_B2lv_b_i": -391.414879772394,
    "v_B2lv_c_r": 28.296097483591097,
    "v_B2lv_c_i": 831.8400380422902,
    "v_B2lv_n_r": -1.1102230246251565e-16,
    "v_B2lv_n_i": 4.440892098500626e-16,
    "v_B3lv_a_r": 700.5261715775702,
    "v_B3lv_a_i": -437.6015142426464,
    "v_B3lv_b_r": -729.2371138574542,
    "v_B3lv_b_i": -387.87270348070837,
    "v_B3lv_c_r": 28.710942279884335,
    "v_B3lv_c_i": 825.4742177233545,
    "v_B3lv_n_r": -3.3306690738754696e-15,
    "v_B3lv_n_i": -7.431555371084642e-15,
    "v_B4lv_a_r": 697.6595343631263,
    "v_B4lv_a_i": -436.157546424754,
    "v_B4lv_b_r": -726.5532824376905,
    "v_B4lv_b_i": -386.1121067385121,
    "v_B4lv_c_r": 28.8937480745644,
    "v_B4lv_c_i": 822.2696531632664,
    "v_B4lv_n_r": 2.4424906541753444e-15,
    "v_B4lv_n_i": 2.1788126858268697e-15,
    "v_B5lv_a_r": 706.3097451521791,
    "v_B5lv_a_i": -440.40950044801247,
    "v_B5lv_b_r": -734.5606880320822,
    "v_B5lv_b_i": -391.47743201829326,
    "v_B5lv_c_r": 28.250942879902993,
    "v_B5lv_c_i": 831.886932466306,
    "v_B5lv_n_r": 4.2061991709214516e-15,
    "v_B5lv_n_i": 3.2336266546484767e-15,
    "v_B6lv_a_r": 709.1417290385273,
    "v_B6lv_a_i": -441.832882203633,
    "v_B6lv_b_r": -737.2093647349069,
    "v_B6lv_b_i": -393.21831112916897,
    "v_B6lv_c_r": 28.06763569637974,
    "v_B6lv_c_i": 835.0511933328017,
    "v_B6lv_n_r": -1.986194216760243e-15,
    "v_B6lv_n_i": 1.5829720973840546e-15,
    "v_B2_a_r": 11424.557018003321,
    "v_B2_a_i": -4.788062888118475,
    "v_B2_b_r": -5716.425093097678,
    "v_B2_b_i": -9891.562573130595,
    "v_B2_c_r": -5708.131924905624,
    "v_B2_c_i": 9896.350636018713,
    "v_B3_a_r": 11342.52799492007,
    "v_B3_a_i": -7.713370467605273,
    "v_B3_b_r": -5677.94397223377,
    "v_B3_b_i": -9819.060701503138,
    "v_B3_c_r": -5664.58402268628,
    "v_B3_c_i": 9826.77407197075,
    "v_B4_a_r": 11301.241083715819,
    "v_B4_a_i": -8.814302995435355,
    "v_B4_b_r": -5658.253952168594,
    "v_B4_b_i": -9782.754721292538,
    "v_B4_c_r": -5642.9871315471955,
    "v_B4_c_i": 9791.569024287992,
    "v_B5_a_r": 11425.143214847742,
    "v_B5_a_i": -4.187579002588791,
    "v_B5_b_r": -5716.198157220459,
    "v_B5_b_i": -9892.37047643228,
    "v_B5_c_r": -5708.9450576272975,
    "v_B5_c_i": 9896.558055434838,
    "v_B6_a_r": 11465.94513781307,
    "v_B6_a_i": -3.0351377118595337,
    "v_B6_b_r": -5735.601075268987,
    "v_B6_b_i": -9928.282198888868,
    "v_B6_c_r": -5730.344062544092,
    "v_B6_c_i": 9931.31733660071,
    "i_load_B2lv_a_r": -473.8986470690536,
    "i_load_B2lv_a_i": 752.2520179360386,
    "i_load_B2lv_b_r": 888.4186811152439,
    "i_load_B2lv_b_i": 34.28225821285636,
    "i_load_B2lv_c_r": -414.52003404619035,
    "i_load_B2lv_c_i": -786.5342761488962,
    "i_load_B2lv_n_r": 5.684341886080802e-14,
    "i_load_B2lv_n_i": 1.2505552149377763e-12,
    "i_load_B3lv_a_r": -476.9614168323064,
    "i_load_B3lv_a_i": 758.3978488737646,
    "i_load_B3lv_b_r": 895.2725117163056,
    "i_load_B3lv_b_i": 33.86177916491347,
    "i_load_B3lv_c_r": -418.31109488399886,
    "i_load_B3lv_c_i": -792.2596280386794,
    "i_load_B3lv_n_r": -3.979039320256561e-13,
    "i_load_B3lv_n_i": 1.2505552149377763e-12,
    "i_load_B4lv_a_r": -478.54210070836206,
    "i_load_B4lv_a_i": 761.5150683161712,
    "i_load_B4lv_b_r": 898.7624448806282,
    "i_load_B4lv_b_i": 33.67208183572665,
    "i_load_B4lv_c_r": -420.22034417226575,
    "i_load_B4lv_c_i": -795.187150151899,
    "i_load_B4lv_n_r": -3.979039320256561e-13,
    "i_load_B4lv_n_i": 1.1368683772161603e-12,
    "i_load_B5lv_a_r": -473.9150573948681,
    "i_load_B5lv_a_i": 752.1844498349643,
    "i_load_B5lv_b_r": 888.3683705861353,
    "i_load_B5lv_b_i": 34.33025402243375,
    "i_load_B5lv_c_r": -414.4533131912663,
    "i_load_B5lv_c_i": -786.5147038573984,
    "i_load_B5lv_n_r": -8.526512829121202e-13,
    "i_load_B5lv_n_i": 3.410605131648481e-13,
    "i_load_B6lv_a_r": -472.3853925394523,
    "i_load_B6lv_a_i": 749.178751108499,
    "i_load_B6lv_b_r": 885.0005267051858,
    "i_load_B6lv_b_i": 34.50837476160013,
    "i_load_B6lv_c_r": -412.61513416573325,
    "i_load_B6lv_c_i": -783.6871258700996,
    "i_load_B6lv_n_r": -2.8421709430404007e-13,
    "i_load_B6lv_n_i": 4.547473508864641e-13
}