{
    "delta_2": 2.72887370601453e-32,
    "Domega_2": 9.798619021839391e-39,
    "Dv_2": -4.741495604957015e-28,
    "p_w_mppt_lpf_1": 0.4220232449776771,
    "xi_beta_1": 0.0,
    "beta_1": 0.0,
    "theta_tr_1": 0.00026724934191074066,
    "omega_t_1": 1.0180258215281184,
    "omega_r_1": 1.0180258215281184,
    "v_dc_1": 1.3418553003084521,
    "xi_freq": 4.636058020612933e-15,
    "V_1": 1.000041819014817,
    "theta_1": 0.00020968878731785612,
    "V_2": 0.9999999998623244,
    "theta_2": 4.1853548594561696e-07,
    "omega_2": 1.0,
    "i_d_2": 1.3776324553087623e-07,
    "i_q_2": -0.00041853548588798256,
    "p_s_2": -0.00041853548588798256,
    "q_s_2": 1.3758807355895e-07,
    "i_mq_ref_1": 0.4145506293192001,
    "v_md_1": -0.021101162248883858,
    "v_mq_1": 1.0138803152349263,
    "i_md_1": 1.1898570257264588e-15,
    "i_mq_1": 0.41455062931919995,
    "tau_r_1": 0.41455062931919995,
    "p_s_ref_1": 0.41855300308452065,
    "i_sd_ref_1": 0.0,
    "i_sq_ref_1": 0.4185355003422305,
    "v_td_ref_1": 0.02092677501711153,
    "v_tq_ref_1": 1.0042271740182391,
    "i_si_1": 8.776220087548524e-05,
    "i_sr_1": 0.41853549114085525,
    "p_s_1": 0.4185530030845203,
    "q_s_1": -2.3926679214706366e-15,
    "omega_coi": 1.0,
    "p_agc": 0.0
}