{
    "buses": [
        {
            "N_nodes": 4,
            "U_kV": 0.4,
            "bus": "B1",
            "deg_an": 62.966162217644964,
            "deg_bn": 62.966162217644964,
            "deg_cn": 62.966162217644964,
            "deg_ng": -112.09967344179496,
            "p_a": 0.0,
            "p_b": 0.0,
            "p_c": 0.0,
            "pos_x": 0,
            "pos_y": 0,
            "q_a": 0.0,
            "q_b": 0.0,
            "q_c": 0.0,
            "units": "m",
            "v_ab": 0.0,
            "v_an": 414.33156838221595,
            "v_bc": 0.0,
            "v_bn": 414.33156838221595,
            "v_ca": 0.0,
            "v_cn": 414.33156838221595,
            "v_ng": 302.91514790043624
        },
        {
            "N_nodes": 4,
            "U_kV": 0.4,
            "bus": "B2",
            "deg_an": 62.96616221764498,
            "deg_bn": 62.96616221764498,
            "deg_cn": 62.96616221764498,
            "deg_ng": -112.09967344179496,
            "p_a": 1.2485570081018256e-09,
            "p_b": 1.2485570081018256e-09,
            "p_c": 1.2485570081018256e-09,
            "pos_x": 20,
            "pos_y": 0,
            "q_a": 6.381276858813941e-10,
            "q_b": 6.381276858813941e-10,
            "q_c": 6.381276858813941e-10,
            "units": "m",
            "v_ab": 0.0,
            "v_an": 414.33156838221595,
            "v_bc": 0.0,
            "v_bn": 414.33156838221595,
            "v_ca": 0.0,
            "v_cn": 414.33156838221595,
            "v_ng": 302.91514790043624
        },
        {
            "N_nodes": 4,
            "U_kV": 0.4,
            "bus": "B3",
            "deg_an": 62.966162217644964,
            "deg_bn": 62.966162217644964,
            "deg_cn": 62.966162217644964,
            "deg_ng": -112.09967344179496,
            "p_a": 1.2485570081018254e-09,
            "p_b": 1.2485570081018254e-09,
            "p_c": 1.2485570081018254e-09,
            "pos_x": 120,
            "pos_y": 0,
            "q_a": 6.381276858813937e-10,
            "q_b": 6.381276858813937e-10,
            "q_c": 6.381276858813937e-10,
            "units": "m",
            "v_ab": 0.0,
            "v_an": 414.33156838221583,
            "v_bc": 0.0,
            "v_bn": 414.33156838221583,
            "v_ca": 0.0,
            "v_cn": 414.33156838221583,
            "v_ng": 302.9151479004361
        },
        {
            "N_nodes": 4,
            "U_kV": 0.4,
            "bus": "B4",
            "deg_an": 62.966162217644964,
            "deg_bn": 62.966162217644964,
            "deg_cn": 62.966162217644964,
            "deg_ng": -112.09967344179496,
            "p_a": 0.0,
            "p_b": 0.0,
            "p_c": 0.0,
            "pos_x": 140,
            "pos_y": 0,
            "q_a": 0.0,
            "q_b": 0.0,
            "q_c": 0.0,
            "units": "m",
            "v_ab": 0.0,
            "v_an": 414.3315683822159,
            "v_bc": 0.0,
            "v_bn": 414.3315683822159,
            "v_ca": 0.0,
            "v_cn": 414.3315683822159,
            "v_ng": 302.91514790043624
        }
    ],
    "grid_formers": [],
    "line_codes": {
        "lv_cu_150": {
            "Rn": 0.167,
            "Rph": 0.167,
            "Xn": 0.08,
            "Xph": 0.08
        }
    },
    "lines": [
        {
            "bus_j": "B1",
            "bus_j_nodes": [
                1,
                2,
                3,
                4
            ],
            "bus_k": "B2",
            "bus_k_nodes": [
                1,
                2,
                3,
                4
            ],
            "code": "lv_cu_150",
            "deg_j_a": 0.0,
            "deg_j_b": 0.0,
            "deg_j_c": 0.0,
            "deg_j_n": 0.0,
            "deg_k_a": 0.0,
            "deg_k_b": 0.0,
            "deg_k_c": 0.0,
            "deg_k_n": 0.0,
            "i_j_a_m": 7.275957614183426e-12,
            "i_j_b_m": 7.275957614183426e-12,
            "i_j_c_m": 7.275957614183426e-12,
            "i_j_n_m": 0.0,
            "i_k_a_m": 7.275957614183426e-12,
            "i_k_b_m": 7.275957614183426e-12,
            "i_k_c_m": 7.275957614183426e-12,
            "i_k_n_m": 0.0,
            "m": 20.0,
            "monitor": true,
            "type": "z"
        },
        {
            "bus_j": "B2",
            "bus_j_nodes": [
                1,
                2,
                3,
                4
            ],
            "bus_k": "B3",
            "bus_k_nodes": [
                1,
                2,
                3,
                4
            ],
            "code": "lv_cu_150",
            "deg_j_a": 45.0,
            "deg_j_b": 45.0,
            "deg_j_c": 45.0,
            "deg_j_n": -135.0,
            "deg_k_a": 45.0,
            "deg_k_b": 45.0,
            "deg_k_c": 45.0,
            "deg_k_n": -135.0,
            "i_j_a_m": 1.2862197421537486e-12,
            "i_j_b_m": 1.2862197421537486e-12,
            "i_j_c_m": 1.2862197421537486e-12,
            "i_j_n_m": 7.71731845292249e-12,
            "i_k_a_m": 1.2862197421537486e-12,
            "i_k_b_m": 1.2862197421537486e-12,
            "i_k_c_m": 1.2862197421537486e-12,
            "i_k_n_m": 7.71731845292249e-12,
            "m": 100.0,
            "monitor": true,
            "type": "z"
        },
        {
            "bus_j": "B3",
            "bus_j_nodes": [
                1,
                2,
                3,
                4
            ],
            "bus_k": "B4",
            "bus_k_nodes": [
                1,
                2,
                3,
                4
            ],
            "code": "lv_cu_150",
            "deg_j_a": 45.0,
            "deg_j_b": 45.0,
            "deg_j_c": 45.0,
            "deg_j_n": 26.56505117707799,
            "deg_k_a": 45.0,
            "deg_k_b": 45.0,
            "deg_k_c": 45.0,
            "deg_k_n": 26.56505117707799,
            "i_j_a_m": 1.0289757937229989e-11,
            "i_j_b_m": 1.0289757937229989e-11,
            "i_j_c_m": 1.0289757937229989e-11,
            "i_j_n_m": 1.626953582672133e-11,
            "i_k_a_m": 1.0289757937229989e-11,
            "i_k_b_m": 1.0289757937229989e-11,
            "i_k_c_m": 1.0289757937229989e-11,
            "i_k_n_m": 1.626953582672133e-11,
            "m": 20.0,
            "monitor": true,
            "type": "z"
        }
    ],
    "loads": [
        {
            "bus": "B2",
            "bus_nodes": [
                1,
                2,
                3,
                4
            ],
            "kVA": [
                0.1,
                0.1,
                0.1
            ],
            "pf": [
                1,
                1,
                1
            ],
            "type": "3P+N"
        },
        {
            "bus": "B3",
            "bus_nodes": [
                1,
                2,
                3,
                4
            ],
            "kVA": [
                0.1,
                0.1,
                0.1
            ],
            "pf": [
                1,
                1,
                1
            ],
            "type": "3P+N"
        }
    ],
    "shunts": []
}