{
    "v_B2_a_r": 74.35816022452269,
    "v_B2_a_i": 88.40076967623042,
    "v_B2_b_r": 74.35816022452269,
    "v_B2_b_i": 88.40076967623042,
    "v_B2_c_r": 74.35816022452269,
    "v_B2_c_i": 88.40076967623042,
    "v_B2_n_r": -113.96242868713986,
    "v_B2_n_i": -280.66020678976156,
    "v_B3_a_r": 74.35816022452269,
    "v_B3_a_i": 88.4007696762304,
    "v_B3_b_r": 74.35816022452269,
    "v_B3_b_i": 88.4007696762304,
    "v_B3_c_r": 74.35816022452269,
    "v_B3_c_i": 88.4007696762304,
    "v_B3_n_r": -113.96242868713983,
    "v_B3_n_i": -280.66020678976145,
    "v_B1_a_r": 74.3581602245227,
    "v_B1_a_i": 88.40076967623042,
    "v_B1_b_r": 74.3581602245227,
    "v_B1_b_i": 88.40076967623042,
    "v_B1_c_r": 74.3581602245227,
    "v_B1_c_i": 88.40076967623042,
    "v_B1_n_r": -113.96242868713986,
    "v_B1_n_i": -280.66020678976156,
    "v_B4_a_r": 74.35816022452269,
    "v_B4_a_i": 88.40076967623037,
    "v_B4_b_r": 74.35816022452269,
    "v_B4_b_i": 88.40076967623037,
    "v_B4_c_r": 74.35816022452269,
    "v_B4_c_i": 88.40076967623037,
    "v_B4_n_r": -113.96242868713986,
    "v_B4_n_i": -280.66020678976156,
    "i_load_B2_a_r": 2.7415112709712823e-12,
    "i_load_B2_a_i": 1.9841544832416883e-12,
    "i_load_B2_b_r": 2.7415112709712823e-12,
    "i_load_B2_b_i": 1.9841544832416883e-12,
    "i_load_B2_c_r": 2.7415112709712823e-12,
    "i_load_B2_c_i": 1.9841544832416883e-12,
    "i_load_B2_n_r": -8.224533812913847e-12,
    "i_load_B2_n_i": -5.952463449725065e-12,
    "i_load_B3_a_r": 2.7415112709712823e-12,
    "i_load_B3_a_i": 1.9841544832416883e-12,
    "i_load_B3_b_r": 2.7415112709712823e-12,
    "i_load_B3_b_i": 1.9841544832416883e-12,
    "i_load_B3_c_r": 2.7415112709712823e-12,
    "i_load_B3_c_i": 1.9841544832416883e-12,
    "i_load_B3_n_r": -8.224533812913847e-12,
    "i_load_B3_n_i": -5.952463449725065e-12
}