{
    "x_dummy": 1.0,
    "v_B2_a_r": 230.98987829814507,
    "v_B2_a_i": -0.0048484848350980134,
    "v_B2_b_r": -115.49913806010959,
    "v_B2_b_i": -200.040678380852,
    "v_B2_c_r": -115.4907402380357,
    "v_B2_c_i": 200.04552686568695,
    "v_B2_n_r": 1.40238198784332e-32,
    "v_B2_n_i": -1.7431581949431594e-34,
    "v_B3_a_r": 230.99710812493623,
    "v_B3_a_i": -0.0013852813825299725,
    "v_B3_b_r": -115.49975375133673,
    "v_B3_b_i": -200.04867119624427,
    "v_B3_c_r": -115.49735437359958,
    "v_B3_c_i": 200.05005647762673,
    "v_B3_n_r": 5.769362257515167e-32,
    "v_B3_n_i": 1.1888264922701274e-32,
    "v_B1_a_r": 230.98987829814507,
    "v_B1_a_i": -0.0048484848350980134,
    "v_B1_b_r": -115.49913806010959,
    "v_B1_b_i": -200.040678380852,
    "v_B1_c_r": -115.4907402380357,
    "v_B1_c_i": 200.04552686568695,
    "v_B1_n_r": 2.9731515584459167e-33,
    "v_B1_n_i": -4.993735458137265e-34,
    "v_B4_n_r": 6.201471194180687e-32,
    "v_B4_n_i": 1.308377635584475e-32,
    "i_l_B1_B2_a_r": -1.2736543356600597e-27,
    "i_l_B1_B2_a_i": 1.0309564004635866e-27,
    "i_l_B1_B2_b_r": 6.093157013447048e-28,
    "i_l_B1_B2_b_i": -2.2736086840007583e-28,
    "i_l_B1_B2_c_r": 5.358521934952861e-28,
    "i_l_B1_B2_c_i": -1.1389891676165177e-27,
    "i_l_B1_B2_n_r": 1.0681110031807914e-28,
    "i_l_B1_B2_n_i": -1.499327332096686e-29,
    "i_l_B2_B3_a_r": -0.4329194057348281,
    "i_l_B2_B3_a_i": 9.089420498272321e-06,
    "i_l_B2_B3_b_r": 0.21646757453362883,
    "i_l_B2_B3_b_i": 0.37491465844428973,
    "i_l_B2_B3_c_r": 0.2164518311960507,
    "i_l_B2_B3_c_i": -0.37492374786419896,
    "i_l_B2_B3_n_r": -5.148578486334913e-12,
    "i_l_B2_B3_n_i": 5.890688913212204e-13,
    "i_l_B3_B4_a_r": -0.8658252592015474,
    "i_l_B3_B4_a_i": 1.1686285240375347e-05,
    "i_l_B3_B4_b_r": 0.4329227502133469,
    "i_l_B3_B4_b_i": 0.7498208265602592,
    "i_l_B3_B4_c_r": 0.43290250897407595,
    "i_l_B3_B4_c_i": -0.7498325128458764,
    "i_l_B3_B4_n_r": -1.4124570427933996e-11,
    "i_l_B3_B4_n_i": -3.7674398472057716e-13,
    "i_load_B2_a_r": -0.432919405893525,
    "i_load_B2_a_i": 9.08934872748912e-06,
    "i_load_B2_b_r": 0.21646757455366414,
    "i_load_B2_b_i": 0.3749146586206954,
    "i_load_B2_c_r": 0.2164518313398608,
    "i_load_B2_c_i": -0.37492374796942257,
    "i_load_B2_n_r": 6.429559161452341e-17,
    "i_load_B2_n_i": -3.258962988551511e-16,
    "i_load_B3_a_r": -0.432905853624849,
    "i_load_B3_a_i": 2.5967941885703373e-06,
    "i_load_B3_b_r": 0.2164551757021601,
    "i_load_B3_b_i": 0.3749061682890128,
    "i_load_B3_c_r": 0.21645067792268907,
    "i_load_B3_c_i": -0.3749087650832012,
    "i_load_B3_n_r": -1.3059166219554595e-16,
    "i_load_B3_n_i": -1.8671593175648223e-16,
    "i_B1_a_r": -13876.621942616404,
    "i_B1_b_r": 9560.530634034378,
    "i_B1_c_r": 4316.091308582049,
    "i_B1_n_r": 2.4647809003644144e-14,
    "i_B1_ng_r": 2.2766772736681306e-11,
    "e_B1_ng_r": 2.127514357038318e-16,
    "i_B1_a_i": 3027.8784562985516,
    "i_B1_b_i": 10503.567892869103,
    "i_B1_c_i": -13531.446349167676,
    "i_B1_n_i": -1.8810362670017043e-14,
    "i_B1_ng_i": -2.127514357038312e-11,
    "e_B1_ng_i": 2.276677273668155e-16
}