{
    "v_B2_a_r": 230.98987829814183,
    "v_B2_a_i": -0.004848484838536008,
    "v_B2_b_r": -115.49913806011091,
    "v_B2_b_i": -200.04067838084734,
    "v_B2_c_r": -115.49074023803097,
    "v_B2_c_i": 200.0455268656858,
    "v_B2_n_r": -5.828670879282066e-19,
    "v_B2_n_i": -2.1305179842556745e-18,
    "v_B3_a_r": 230.9971081249353,
    "v_B3_a_i": -0.0013852813835155279,
    "v_B3_b_r": -115.49975375133712,
    "v_B3_b_i": -200.04867119624296,
    "v_B3_c_r": -115.49735437359823,
    "v_B3_c_i": 200.0500564776264,
    "v_B3_n_r": -1.5681900222830323e-18,
    "v_B3_n_i": -6.0218496855668456e-18,
    "v_B1_a_r": 230.9898782981418,
    "v_B1_a_i": -0.004848484838560402,
    "v_B1_b_r": -115.4991380601109,
    "v_B1_b_i": -200.0406783808473,
    "v_B1_c_r": -115.49074023803094,
    "v_B1_c_i": 200.04552686568576,
    "v_B1_n_r": -2.775557561562889e-19,
    "v_B1_n_i": -3.8857805861880456e-19,
    "v_B4_n_r": -1.568190022283032e-18,
    "v_B4_n_i": -6.021849685566845e-18,
    "i_load_B2_a_r": -0.43291940589353106,
    "i_load_B2_a_i": 9.089348733932835e-06,
    "i_load_B2_b_r": 0.21646757455367294,
    "i_load_B2_b_i": 0.3749146586206976,
    "i_load_B2_c_r": 0.21645183133985826,
    "i_load_B2_c_i": -0.37492374796943134,
    "i_load_B2_n_r": -1.3877787807814457e-16,
    "i_load_B2_n_i": -2.220446049250313e-16,
    "i_load_B3_a_r": -0.4329058536248508,
    "i_load_B3_a_i": 2.5967941904173515e-06,
    "i_load_B3_b_r": 0.21645517570216263,
    "i_load_B3_b_i": 0.3749061682890134,
    "i_load_B3_c_r": 0.2164506779226883,
    "i_load_B3_c_i": -0.37490876508320364,
    "i_load_B3_n_r": -1.3877787807814457e-16,
    "i_load_B3_n_i": -1.6653345369377348e-16,
    "omega_B1":1.0,
    "omega_B2":1.0,
    "omega_coi":1.0
}