{
    "delta_1": 0.4492605451223454,
    "omega_1": 1.0,
    "e1q_1": 0.9514677099516154,
    "e1d_1": 0.4771015942637308,
    "v_c_1": 1.03,
    "xi_v_1": 19426.14376102,
    "x_gov_1_1": 0.7785210756011308,
    "x_gov_2_1": 0.7785210756011308,
    "xi_imw_1": 0.7785210756011308,
    "x_wo_1": -2.4870753218906237e-17,
    "x_lead_1": 2.6873319262902745e-17,
    "delta_2": 0.2616150526814451,
    "omega_2": 1.0,
    "e1q_2": 0.9621849975528767,
    "e1d_2": 0.45917910045623334,
    "v_c_2": 1.01,
    "xi_v_2": 20206.50802509214,
    "x_gov_1_2": 0.7786425420457299,
    "x_gov_2_2": 0.7786425420457299,
    "xi_imw_2": 0.7786425420457299,
    "x_wo_2": 1.6218797766972605e-17,
    "x_lead_2": -3.173909056571305e-17,
    "delta_3": -6.161200970437418e-17,
    "omega_3": 1.0,
    "e1q_3": 0.941809423689416,
    "e1d_3": 0.48787343205076716,
    "v_c_3": 1.03,
    "xi_v_3": 19604.13298717325,
    "x_gov_1_3": 0.8028726763029053,
    "x_gov_2_3": 0.8028726763029053,
    "xi_imw_3": -4.272219415705137e-19,
    "x_wo_3": -6.837363835482575e-17,
    "x_lead_3": -4.3861262916086613e-17,
    "delta_4": -0.1952740333657022,
    "omega_4": 1.0,
    "e1q_4": 0.9414378751152155,
    "e1d_4": 0.4703377813449289,
    "v_c_4": 1.01,
    "xi_v_4": 19724.470955885372,
    "x_gov_1_4": 0.7785984490082197,
    "x_gov_2_4": 0.7785984490082197,
    "xi_imw_4": 0.7785984490082197,
    "x_wo_4": 3.9471290309360487e-17,
    "x_lead_4": -8.498352896296123e-18,
    "xi_freq": 80287.26763029053,
    "V_1": 1.03,
    "theta_1": -0.3027858630221809,
    "V_2": 1.01,
    "theta_2": -0.47302378959844993,
    "V_3": 1.03,
    "theta_3": -0.7733691470294058,
    "V_4": 1.01,
    "theta_4": -0.9522090773868651,
    "V_5": 1.0065100899728303,
    "theta_5": -0.4154473867192709,
    "V_6": 0.9784302177311854,
    "theta_6": -0.5912387846905692,
    "V_7": 0.9616562587830401,
    "theta_7": -0.737751833662369,
    "V_8": 0.9458492825783517,
    "theta_8": -0.9792111561189675,
    "V_9": 0.9724949416457774,
    "theta_9": -1.2165814374082955,
    "V_10": 0.9839691455125538,
    "theta_10": -1.0697555361511664,
    "V_11": 1.0083400534860978,
    "theta_11": -0.8893536591055025,
    "i_d_1": 0.6607644441002564,
    "i_q_1": 0.414870951533679,
    "p_g_1": 0.7769992567021766,
    "q_g_1": 0.2051126944968892,
    "v_f_1": 1.9426143761020003,
    "p_m_ref_1": 0.7785210756011308,
    "p_m_1": 0.7785210756011308,
    "z_wo_1": 2.6873319262903004e-17,
    "v_pss_1": 2.687332088181657e-17,
    "i_d_2": 0.7056438699708915,
    "i_q_2": 0.3992861743097681,
    "p_g_2": 0.776999135235732,
    "q_g_2": 0.2585498982396967,
    "v_f_2": 2.020650802509214,
    "p_m_ref_2": 0.7786425420457299,
    "p_m_2": 0.7786425420457299,
    "z_wo_2": -3.1739090565712785e-17,
    "v_pss_2": -3.173909036521512e-17,
    "i_d_3": 0.679069250018606,
    "i_q_3": 0.4242377670006671,
    "p_g_3": 0.8012698944736026,
    "q_g_3": 0.19525124208062253,
    "v_f_3": 1.9604132987173248,
    "p_m_ref_3": 0.8028726763029053,
    "p_m_3": 0.8028726763029053,
    "z_wo_3": -4.386126291608212e-17,
    "v_pss_3": -4.386126334538077e-17,
    "i_d_4": 0.687339480315548,
    "i_q_4": 0.4089893750825469,
    "p_g_4": 0.7769991793287696,
    "q_g_4": 0.22099382422560046,
    "v_f_4": 1.9724470955885374,
    "p_m_ref_4": 0.7785984490082197,
    "p_m_4": 0.7785984490082197,
    "z_wo_4": -8.498352896303797e-18,
    "v_pss_4": -8.498352899445672e-18,
    "omega_coi": 1.0,
    "p_agc": 0.0
}