{
    "a_R1": 33.19666666666866,
    "b_R1": 6.483999999999962,
    "c_R1": 0.019001333333333485,
    "a_R10": 33.19666666666866,
    "b_R10": 6.483999999999962,
    "c_R10": 0.019001333333333485,
    "coef_a_R10": 0.3333333333333333,
    "coef_b_R10": 0.3333333333333333,
    "coef_c_R10": 0.3333333333333333,
    "a_R14": 33.19666666666866,
    "b_R14": 6.483999999999962,
    "c_R14": 0.019001333333333485,
    "coef_a_R14": 0.3333333333333333,
    "coef_b_R14": 0.3333333333333333,
    "coef_c_R14": 0.3333333333333333
}