{
    "V_POI_MV": 1.0,
    "theta_POI_MV": 0.0,
    "V_POI": 1.0,
    "theta_POI": 0.0,
    "V_GRID": 1.0,
    "theta_GRID": 0.0,
    "V_LV0101": 1.0,
    "theta_LV0101": 0.0,
    "V_MV0101": 1.0,
    "theta_MV0101": 0.0,
    "V_LV0102": 1.0,
    "theta_LV0102": 0.0,
    "V_MV0102": 1.0,
    "theta_MV0102": 0.0,
    "V_LV0103": 1.0,
    "theta_LV0103": 0.0,
    "V_MV0103": 1.0,
    "theta_MV0103": 0.0,
    "V_LV0201": 1.0,
    "theta_LV0201": 0.0,
    "V_MV0201": 1.0,
    "theta_MV0201": 0.0,
    "V_LV0202": 1.0,
    "theta_LV0202": 0.0,
    "V_MV0202": 1.0,
    "theta_MV0202": 0.0,
    "V_LV0203": 1.0,
    "theta_LV0203": 0.0,
    "V_MV0203": 1.0,
    "theta_MV0203": 0.0,
    "V_LV0301": 1.0,
    "theta_LV0301": 0.0,
    "V_MV0301": 1.0,
    "theta_MV0301": 0.0,
    "V_LV0302": 1.0,
    "theta_LV0302": 0.0,
    "V_MV0302": 1.0,
    "theta_MV0302": 0.0,
    "V_LV0303": 1.0,
    "theta_LV0303": 0.0,
    "V_MV0303": 1.0,
    "theta_MV0303": 0.0,
    "p_line_pu_POI_GRID": 0.1,
    "p_line_pu_GRID_POI": -0.1,
    "I_POI_GRID": 0.1,
    "I_GRID_POI": -0.1,
    "p_line_pu_MV0101_POI_MV": 0.1,
    "p_line_pu_POI_MV_MV0101": -0.1,
    "I_MV0101_POI_MV": 0.1,
    "I_POI_MV_MV0101": -0.1,
    "p_line_pu_MV0102_MV0101": 0.1,
    "p_line_pu_MV0101_MV0102": -0.1,
    "I_MV0102_MV0101": 0.1,
    "I_MV0101_MV0102": -0.1,
    "p_line_pu_MV0103_MV0102": 0.1,
    "p_line_pu_MV0102_MV0103": -0.1,
    "I_MV0103_MV0102": 0.1,
    "I_MV0102_MV0103": -0.1,
    "p_line_pu_MV0201_POI_MV": 0.1,
    "p_line_pu_POI_MV_MV0201": -0.1,
    "I_MV0201_POI_MV": 0.1,
    "I_POI_MV_MV0201": -0.1,
    "p_line_pu_MV0202_MV0201": 0.1,
    "p_line_pu_MV0201_MV0202": -0.1,
    "I_MV0202_MV0201": 0.1,
    "I_MV0201_MV0202": -0.1,
    "p_line_pu_MV0203_MV0202": 0.1,
    "p_line_pu_MV0202_MV0203": -0.1,
    "I_MV0203_MV0202": 0.1,
    "I_MV0202_MV0203": -0.1,
    "p_line_pu_MV0301_POI_MV": 0.1,
    "p_line_pu_POI_MV_MV0301": -0.1,
    "I_MV0301_POI_MV": 0.1,
    "I_POI_MV_MV0301": -0.1,
    "p_line_pu_MV0302_MV0301": 0.1,
    "p_line_pu_MV0301_MV0302": -0.1,
    "I_MV0302_MV0301": 0.1,
    "I_MV0301_MV0302": -0.1,
    "p_line_pu_MV0303_MV0302": 0.1,
    "p_line_pu_MV0302_MV0303": -0.1,
    "I_MV0303_MV0302": 0.1,
    "I_MV0302_MV0303": -0.1,
    "omega_coi": 1.0,
    "omega_GRID": 1.0,
    "v_dc_v_LV0101": 842.5000000000001,
    "p_s_LV0101": 0.5,
    "v_dc_v_LV0102": 842.5000000000001,
    "p_s_LV0102": 0.5,
    "v_dc_v_LV0103": 842.5000000000001,
    "p_s_LV0103": 0.5,
    "v_dc_v_LV0201": 842.5000000000001,
    "p_s_LV0201": 0.5,
    "v_dc_v_LV0202": 842.5000000000001,
    "p_s_LV0202": 0.5,
    "v_dc_v_LV0203": 842.5000000000001,
    "p_s_LV0203": 0.5,
    "v_dc_v_LV0301": 842.5000000000001,
    "p_s_LV0301": 0.5,
    "v_dc_v_LV0302": 842.5000000000001,
    "p_s_LV0302": 0.5,
    "v_dc_v_LV0303": 842.5000000000001,
    "p_s_LV0303": 0.5
}